texto;toxico;num_admir;num_may;emojis;num_emoji;num_insultos;dir_23ps;score_emoji_tox
La etiqueta, cabrÃ³n;1;0;0;;0;1;0;0.0
Hasta que un cabron trata a la lacra cÃ³mo se debe y todos se indignan;1;0;0;;0;1;0;0.0
La edad no la pones eh cabrÃ³n;1;0;0;;0;1;1;0.0
Y de un cabron solo puedes obtener cabronadas;1;0;0;;0;1;1;0.0
Eres mÃ¡s guiri que los irlandeses de aquÃ­ cabrÃ³n xD;1;0;1;;0;1;1;0.0
John23 cabron me cago en las putas hormigas de tu casa mmb;1;0;0;;0;1;0;0.0
Ya lo se cabron... Soy problema y solucion;1;0;0;;0;0;0;0.0
A cabron, de quiÃ©n es esta casa?;1;0;0;;0;0;1;0.0
Que es eso cabron;1;0;0;;0;1;1;0.0
Amigo no seas cabron!!!!;1;4;0;;0;0;0;0.0
Alba â€œEste hijo de puta de Platini lo hicieron buenÃ­simo, quien lo conoce!?â€;1;1;0;;0;1;0;0.0
Si hay un animal al que llamar hijo de puta, serÃ­a a este... ;1;0;0;;0;0;1;0.0
Que hijo de puta se merece la muerte ;1;0;0;;0;1;0;0.0
Mafioso hijo de puta!;1;1;0;;0;0;0;0.0
CÃ¡llate hijo de puta ;1;0;0;;0;1;0;0.0
Otra vez este hijo de puta del supermercado tenÃ­a la coca sin gas;1;0;0;;0;1;1;0.0
LadrÃ³n hijo de puta , a patadas vamos a sacarle;1;0;0;;0;1;0;0.0
Que hijo de puta! jajajaj ;1;1;0;;0;0;0;0.0
Semejante hijo de puta ese seÃ±or tiene guita para comprar 2 ingenios, y ahora estÃ¡ en quiebra? ;1;0;0;;0;1;1;0.0
responde hijo de puta;1;0;0;;0;1;1;0.0
TE QUIERO DISPARAR JODER, TODOS LOS PUTOS BESOS QUE NO PUDE DARTE HOSTIAS, TE QUIERO PUTO DISPARAR CADA MIERDA DE CARICIA QUE NO PUDE HACERTE JODER TE QUIERO HIJO DE PUTA, TE QUIERO PUTO DISPARARRRRR ;1;0;35;;0;2;0;0.0
OjalÃ¡ se muera tu mamÃ¡ hijo de puta ;1;0;0;;0;1;0;0.0
es Un dÃ­a en Pamplona un seÃ±or me dijo agur. EL MUY HIJO DE PUTA.;1;0;5;;0;0;1;0.0
patilla Que CoÃ±o nos importa donde este este hijo de puta!!!;1;3;0;;0;0;1;0.0
iluminado_33 Si pusieras la cara estarÃ­as muerto hijo de putA;1;0;1;;0;1;1;0.0
Mierdaseca de sonrisa traidora, catanazis.;1;0;0;;0;1;1;0.0
quÃ© segunda opciÃ³n mierdaseca si no tengo amigos;1;0;0;;0;1;0;0.0
a ver si le dan entre todos por culo al mierdaseca del coleta ;1;0;0;;0;1;0;0.0
AsÃ­ que ese era el mierdaseca que hizo que Anakin se cambiase de bando. ;1;0;0;;0;1;1;0.0
 mierdaseca;1;0;0;;0;1;0;0.0
17 Pero con un ferrari hijo de puta, no con un honda mierdaseca;1;0;0;;0;1;0;0.0
AdemÃ¡s estÃ¡n avisando que van a poner una versiÃ³n similar a la venta en la tienda de CD Project, que no se gasten la fortuna que piden esos mierdaseca;1;0;1;;0;1;1;0.0
69 Fernando VII fue un mierdaseca de eso no hay duda, pero Pepe botella tampoco era ningÃºn adalid de la justicia su Ãºnico interÃ©s era convertir a EspaÃ±a en una marioneta fue el rey mas odiado con razÃ³n. Una cosa no quita la otra.;1;0;1;;0;1;1;0.0
Lloraras tu cuando te llegue la denuncia MIERDASECA;1;0;1;;0;1;0;0.0
Lo que me faltaba por ver es al mierdaseca machista de Colate haciendo el drama cuando fijÃ­simo que se ha tirado Ã©l solo Ãºnicamente para que a ella la tiren del programa. Vaya chusma. SVGala9;1;0;0;;0;1;1;0.0
llegada. Para mÃ­ es una mala noticia que Pesic continÃºe al frente del Barca: sabe cÃ³mo parar a este Madrid de Mierdaseca Laso.;1;0;0;;0;1;1;0.0
lauucv_ Si sara deja de ser una mierdaseca y no se raja mejorr;1;0;0;;0;1;0;0.0
pais Por fin Madrid ha dejado de ser perroflauta.;1;0;0;;0;0;0;0.0
Iglesias_ Iglesios es un vividor igual que tu que si no fuera por la politica estariais en regional charlatan. que bien os va engaÃ±ando a los perroflauta;1;0;0;;0;1;1;0.0
CÃ³mprate una vida perroflauta;1;0;0;;0;1;0;0.0
Asco de periodismo y cadena perroflauta, miserables personajes;1;0;0;;0;0;1;0.0
TambiÃ©n lo anulas por la pegatina del mÃ³vil, eso es de perroflauta;1;0;0;;0;1;1;0.0
el pelo a ese perroflauta de mierdaâ€¦;1;0;0;;0;1;1;0.0
Gracias! Soy de esos que lava el cerebro a los chavales. Me llaman el perroflauta roba mentes.;1;1;0;;0;1;1;0.0
Perroflauta, la definiciÃ³n de basura eres tÃº.;1;0;0;;0;0;1;0.0
tornado Se nota que eres un triste perroflauta catalufo.;1;0;0;;0;1;1;0.0
Callate, perroflauta;1;0;0;;0;1;0;0.0
Tampoco te merezco empatia, perroflauta? Cuando vais a por los magrebies, chavista bolivarianos?;1;0;0;;0;0;1;0.0
una parguela que es famosa xq es influenser;1;0;0;;0;1;1;0.0
Tu que eres un parguela y seguramente un niÃ±ato el Valencia no hace mucho estaba en una situaciÃ³n muy parecida al celta, asÃ­ que menos faltar al resto de aficionados inÃºtil que es lo que sois asÃ­ tenemos mestalla lleno de niÃ±atos fuman porros y medio nazis;1;0;0;;0;2;1;0.0
Menudo parguela que te gane un minum;1;0;0;;0;1;0;0.0
Parguela vete ya que estÃ¡bamos contentos pensando que te habÃ­as muerto;1;0;0;;0;1;1;0.0
El machete cuando se saca es para usarlo. El que lo saca para enseÃ±ar es un parguela ;1;0;0;;0;1;1;0.0
Pero si no has visto la serie parguela;1;0;0;;0;1;0;0.0
catala @_Ansoc Es que una protesta no puedes paralizar el paÃ­s... Una protesta tÃº vas a la calle y dices lo que quieras SIN afectar a los DERECHOS de los demÃ¡s. No puede ser q te tengan secuestrado en la carretera. Eso es hacer el parguela jodiendo a la gente sin legimitidad alguna.;1;0;2;;0;1;1;0.0
El chaval mÃ¡s parguela que te puedes echar en cara, 100% verÃ­dico;1;0;0;;0;1;1;0.0
Si tÃº no estabas parguela. ;1;0;0;;0;0;1;0.0
Pero quÃ© dice este parguela??? ;1;0;0;;0;0;1;0.0
Ta resentido o subnormal. *5 minutos despues*.;1;0;0;;0;0;1;0.0
Menudo subnormal este tipejo de mierda;1;0;0;;0;0;1;0.0
"El compaÃ±ero presidente opina otra cosa; Subnormal";1;0;0;;0;0;1;0.0
tornado Subnormal;1;0;0;;0;0;0;0.0
Hernando Rafa, Â¿eres subnormal?;1;0;0;;0;0;1;0.0
MB98 Seguro que y luego unas risas, esas respuestas son de gilipollas, te vas silenciado por subnormal;1;0;0;;0;0;1;0.0
es El derecho a ser subnormal, dice?;1;0;0;;0;0;1;0.0
Jajajjaja... Que haya VAR y este undiano mallenco, hernandez hernandez, obrebo, Stark y Aytekin!!! Menudo subnormal estas hecho chaval!!!;1;6;1;;0;0;1;0.0
Beltraa Ya te dije ahÃ­ arriba que no estaba justificando el abandono jajajajaja te encanta desvirtuar lo que dice el otro a ver si ganas la discusiÃ³n. Posta dedÃ­cate a la polÃ­tica porque podÃ©s ganar debates, hay mucho subnormal en podios;1;0;0;;0;0;1;0.0
griego82 RefiriÃ©ndome al subnormal del portavoz de voz;1;0;0;;0;0;0;0.0
Fran Pardo un subnormal y estÃ¡ muy bien que nadie lo dude;1;0;0;;0;0;1;0.0
Posss si hay gente tan subnormal quÃ© crees que esa es manera de crecer;1;0;0;;0;0;1;0.0
serÃ© subnormal pero no tengo un avatar de anime;1;0;0;;0;0;0;0.0
SÃ³lo llevo 3 meses conduciendo y ya sÃ© que amo conducir y que odio al subnormal que va pegado al culo del coche todo el camino. SeparatecabrÃ³n ğŸ˜’;1;0;0;ğŸ˜’;1;0;1;0.753
A ver subnormal, Â¿por eso dices que hay que cerrarla? Mejor hacer como otros paÃ­ses europeos y creernos la radiotelevisiÃ³n pÃºblica un poco mÃ¡s. No se consigue nada cerrando. Te lo dice un valenciano, que aquÃ­ nos quedamos sin rtv pÃºblica y fue un desastre.;1;0;0;;0;0;1;0.0
Algunos diciendo que son horribles , le tienen que gustar a el no a ti subnormal . Estan guapisimos kami a ver como te queda la manga cuando la acabes;1;0;0;;0;0;1;0.0
Que se puede esperar de una familia disfuncional, un padre alcohÃ³lico, una madre con hijos bastardos, un hijo subnormal y ahora esto ! En que manos estaba el paÃ­s, y aÃºn mucho idiota salen con su mamada que el alcohÃ³lico fue un gran presidente, no mamen;1;1;0;;0;0;1;0.0
"Acaba de llegarme un memento del Corpus ayer; resulta que una niÃ±a de 13 aÃ±os empezÃ³ a insultarme llamÃ¡ndome subnormal, esto me da que pensar que, a lo mejor la sociedad avanza demasiado rÃ¡pido, yo a esa edad ni le levantaba la mirada a alguien 4 aÃ±os mayor; en fin...";1;0;0;;0;0;1;0.0
La playa es la soluciÃ³n pa todo;1;0;0;;0;0;1;0.0
En un lugar cerca de la playa, me gusta cÃ³mo huele. ;0;0;0;;0;0;0;0.0
tierra trÃ¡game y escÃºpeme donde haya sol, playa y arena;0;0;0;;0;0;1;0.0
Y cuando vas a la playa?;0;0;0;;0;0;0;0.0
Se ha quedaO dÃ­a de playa ;0;0;1;;0;0;0;0.0
si hay playa, hay alcohol ;0;0;0;;0;0;0;0.0
Todos esperÃ¡ndome en la playa y yo en mi cama;0;0;0;;0;0;1;0.0
ojalÃ¡ celebrar mi santo en la playa al lado de una fogata con mis amigos nochedesanjuan;0;0;0;;0;0;1;0.0
El carabinero es muy muy potente. Sabe a â€œahogadillasâ€ en la playa cuando Ã©ramos chicos. A mar.;0;0;0;;0;0;1;0.0
no harÃ© mÃ¡s nada.. q el tiempo diga todo;0;0;0;;0;0;0;0.0
Hola, despuÃ©s de tanto tiempo puedo decir que realmente estoy feliz.;0;0;0;;0;0;1;0.0
Tal vez fumando te encuentre en el tiempo y otra vez por mis ojos vuelvas a entrar como el sol;0;0;0;;0;0;0;0.0
Que haga lo que quiera.. Ya tendrÃ¡ tiempo para arrepentirse. El que no estÃ© comprometido mejor que no venga;0;0;0;;0;0;1;0.0
Nikola Tesla y su Viaje en el Tiempo: Vi el pasado, el presente y el fu...  VÃ­a;0;0;0;;0;0;1;0.0
Necesito de esos abrazos que te paran el tiempo y te hacen sentir en paz.;0;0;0;;0;0;1;0.0
Fuiste la forma mÃ¡s bonita de perder mi tiempo;0;0;0;;0;0;0;0.0
Heras Hace tiempo q Alves se fumÃ³ a CafÃº y sobre todo a Lahm;0;0;0;;0;0;1;0.0
tienen wifi por antena para casa rural?;0;0;0;;0;0;0;0.0
Esta semana en recomendamos Casa Rural Lagar de Palacio en Santa Cilia Un lugar ideal para pasar unos dÃ­as de diversiÃ³n y aventura a la vez que de la tranquilidad que su entorno ofrece al estar situada a los pies del RÃ­o AragÃ³n. La casa, de... ;0;0;0;;0;0;1;0.0
Sortean un fin de semana en Finca Goleta, otro en Casa Rural A Pasada y un vale de 40â‚¬ en actividades de . Tienes que participar en un Trivial que estÃ¡ disponible en todos los dispositivos a travÃ©s del sitio web  sorteo. ;0;0;0;;0;0;1;0.0
Hoy disfrutamos del domingo desde un lugar ideal, descansando en medio de un ambiente que combina lo natural con el mundo rural ğŸ˜ Â¡Hoy estamos en Casa Aurora! Fuerteventura ğŸŒ´ ;0;1;0;ğŸ˜ ğŸŒ´;2;0;1;0.0445
cabrera mira lo que puedes comprar para la linda casa rural;0;0;0;;0;0;1;0.0
Ayer casi se me cae la lagrimita porque mi madre me contÃ³ que organizando la comida con mi familia que vamos a ir a una casa rural, el menÃº era bÃ¡sicamente carne y ella estaba todo el rato a lo y una tortilla de patatas, o salmorejo, llevamos queso para tapear e.t.c.;0;0;0;;0;0;1;0.0
Ayer se llevÃ³ a cabo la entrega de pilones y acompaÃ±amiento de siembra en el municipio de Villa Nueva, Guatemala. Como parte del programa de extensionismo rural del Ministerio de Agricultura. En esta actividad participaron hombres y en su mayorÃ­a mujeres amas de casa. ;0;0;0;;0;0;1;0.0
si hija....casa ruralâ€¦;0;0;0;;0;0;0;0.0
Casa Rural en SariÃ±ena, Los Monegros, en Huesca. Hasta 12 plazas.  ;0;0;0;;0;0;1;0.0
quiero ir a ver toy story pero entre casa rural esto y lo otro no tengo dinero :(;0;0;0;;0;0;1;0.0
Yo soy la Ãºnica persona y me gusta esta casa o la casa Rural que se ha quedado en la f de los rÃ©cords;0;0;0;;0;0;1;0.0
Solicitada licencia de obra para Casa Rural en calle Castellanos. valdepeÃ±as obras comercio;0;0;0;;0;0;0;0.0
Estoy de casa rural sin apenas internet y no puedo ver el concierto en Pinterest :(;0;0;0;;0;0;1;0.0
q el lunes me voy a una casa rural;0;0;0;;0;0;1;0.0
100 obras de arte que debes ver en vivo antes de morir ;0;0;0;;0;0;1;0.0
Â¡NUEVO VÃDEO! Â¡Exposiciones de manga en Londres! Â¡Y un poquito de arte urbano! ;0;3;2;;0;0;1;0.0
Sobre arte y polÃ­tica ;0;0;0;;0;0;0;0.0
tiene una mezcla de belleza con arte;0;0;0;;0;0;0;0.0
Para los que exigen pruebas de la utilidad social del arte ;0;0;0;;0;0;0;0.0
Admiro el arte de ser mujer a tiempo completo...Ricardo Cosme. ;0;0;0;;0;0;0;0.0
Una obra de arte ;0;0;0;;0;0;0;0.0
no aprecian el arte;0;0;0;;0;0;0;0.0
Es un arte lo que hace;0;0;0;;0;0;0;0.0
Felicito al que hizo este arte;0;0;0;;0;0;1;0.0
Museo Nacional de Arte Romano, Merida Arquitecto Rafael Moneo, 1986 arquitectura architecture arte art escultura sculpture architecturephotography merida espaÃ±a spain2019 en MÃ©rida, Spain ;0;0;0;;0;0;1;0.0
Sserenita y un relato de vida. EL ARTE  ;0;0;2;;0;0;0;0.0
CÃ³mo me gusta el arte con spray que no mancha las paredes ajenas!;0;1;0;;0;0;1;0.0
no tengas miedo de engancharte de nuestro amor hagamos arte;0;0;0;;0;0;1;0.0
BiÃ©n por el Presidente,eso es PolÃ­tica El arte de lograr determinado finanalicen. ;0;0;0;;0;0;1;0.0
Dos hermanos equilibristas cruzan Times Square por un cable a 25 pisos de altura ;0;0;0;;0;0;1;0.0
Los hermanos equilibristas Nik y Lijana Wallenda cruzan la neoyorquina plaza de Times Square caminando por un cable situado a unos 25 pisos de altura  ;0;0;0;;0;0;1;0.0
Entra desde la computadora, y conectala a internet por cable, asi te dejara entrar.;0;0;0;;0;0;1;0.0
Las chicas del Cable Es mÃ¡s que una serie.;0;0;0;;0;0;0;0.0
Â¿Radio por cable? Â¿De verdad?;0;0;0;;0;0;0;0.0
Es mi cable a tierra no hay dudas;0;0;0;;0;0;0;0.0
Te refieres a este cable? Si es asÃ­ el clip 2 tiene ;0;0;0;;0;0;1;0.0
Necesitamos, 1.- espacio en Tv x cable o Tv abierta que hablen asÃ­ de fÃºtbol, 2.- un periodista que no de tantas vueltas con palabras rebuscadas haciÃ©ndose el sÃºper letrado, claro conciso y preciso. 3.- que suban en redes todo un editorial para poder revisarlo. ğŸ‘ğŸ» ;0;0;0;ğŸ‘;1;0;1;0.004
Belleza de Museo allÃ­ vi la obra de Goya;0;0;0;;0;0;0;0.0
Y quiero ir a un museo.;0;0;0;;0;0;0;0.0
El aula maÃ±ana se convertirÃ¡ en un Museo;0;0;0;;0;0;0;0.0
Plantas criadas en botellas de plÃ¡stico en Museo Nacional de Antropologia (Madrid) ;0;0;0;;0;0;0;0.0
Y los gestos del amor, ese dulce museo, esa galerÃ­a de figuras de humo.;0;0;0;;0;0;1;0.0
Quien me lleva al museo?;0;0;0;;0;0;0;0.0
zamora: Una empresa madrileÃ±a repararÃ¡ el Museo Provincial de Bellas Artes  vÃ­a;0;0;0;;0;0;1;0.0
Me lo imaginÃ© ... ese museo es fabuloso , ya fueron al nuevo ?;0;0;0;;0;0;1;0.0
Este tweet merece estar en un museo.;0;0;0;;0;0;1;0.0
justificas al museo de exponer lo que no es suyo?;0;0;0;;0;0;1;0.0
Pinacoteca de las mÃ¡s importantes del mundo...;0;0;0;;0;0;1;0.0
La Casa de Alba abre al pÃºblico el Palacio de Liria, la mejor pinacoteca privada de EspaÃ±a ;0;0;0;;0;0;0;0.0
El pasado lunes comenzamos las exposiciones de nuestra Pinacoteca MitolÃ³gica a cargo de las alumnas de humanidades de primero de bachillerato pinacoteca comunica oralidad ;0;0;0;;0;0;1;0.0
Quiero tu foto para mi pinacoteca;0;0;0;;0;0;0;0.0
El Museo del Prado cede una obra de Rubens al Museo de LeÃ³n dentro del programa ?De gira por EspaÃ±a? que conmemora el bicentenario de la pinacoteca nacional  Castilla y LeÃ³n;0;0;0;;0;0;0;0.0
Â¿Sin regalo para el dÃ­a del padre? RegÃ¡lale una visita cultural a la Pinacoteca Universitaria Los Autonomistas y a la GalerÃ­a Universitaria Fernando Cano. Hoy cerramos a las 16 h, entrada libre. ;0;0;0;;0;0;0;0.0
El cierre temporal del MoMA tiene como finalidad dar paso a una amplia renovaciÃ³n de la popular pinacoteca con la que se crearÃ¡n nuevas galerÃ­as y espacios destinados a espectÃ¡culos. ;0;0;1;;0;0;1;0.0
RelÃ¡jate tomÃ¡ndote un cafÃ© en nuestro patio rodeado de antigÃ¼edades y obras de arte. Puedes ver la pinacoteca completa en nuestra web en la pestaÃ±a galerÃ­a. ;0;0;0;;0;0;1;0.0
que asco de cabron;1;0;0;;0;1;0;0.0
Felipe. CÃ¡llate, cabrÃ³n. Â¿Con quÃ© cara te atreves a hablar sobre construcciÃ³n de refinerÃ­as?;1;0;0;;0;0;1;0.0
TÃº eres tan cabrÃ³n que los estÃ¡s jodiendo Que pongan el aire mÃ¡s alto asÃ­ nos infectamos Estos hijos de puta se tienen que ir a su paÃ­s Que esto es EspaÃ±a joder Dentro de poco esto va a estar lleno de ratas y nos vamos a infectar todos Me estÃ¡n tocando los huevos;1;0;0;;0;2;1;0.0
Jajajajaja QuÃ© cabrÃ³n;0;0;0;;0;1;0;0.0
Ja ja , cabrÃ³n ğŸ˜…;0;0;0;ğŸ˜…;1;1;0;0.012
HIJO DE PUTA, COMO TE ATREVES A PONER ESE EMOJI ;1;0;9;;0;0;0;0.0
CÃ­nico hijo de la gran puta.;1;0;0;;0;0;0;0.0
Mis padres estaban buscando casa y llamo el vendedor de la casa. Yo cogÃ­ el telÃ©fono y empecÃ© a insultarte (gilipollas, hijo de puta) sin motivo aparente, era pequeÃ±o.Y despuÃ©s mi madre como buena madre gallega me obligÃ³ a ir a verlo y disculparme, me querÃ­a morir de la vergÃ¼enza;1;0;0;;0;0;1;0.0
Yo creo que hay gente que busca que yo sea un hijo de puta. Tengo pruebas eh, porque siempre, juro que siempre que me porto bien me terminan haciendo x cosa para que me ponga en hijo de mil puta. Creo que el problema estÃ¡ en cuando quiero ser buena persona;1;0;0;;0;0;1;0.0
Me parece muy de hijo de puta que me diga que estÃ© con la novia y me pida vernos, UN HIJO DE PUTA.;1;0;4;;0;1;1;0.0
Hijo de puta ;1;0;0;;0;1;0;0.0
Nos estÃ¡s amenazando, mierdaseca?;1;0;0;;0;0;1;0.0
Los NIÃ‘ATOS que reniegan de Ramos, son los mismos que idolatran al mierdaseca de Mourinho, que echaron al mejor portero del mundo, Casillas. Aficionados se hacen llamar....;1;0;1;;0;1;1;0.0
Que Valls serÃ¡ un mierdaseca, que nadie lo discute, pero que estÃ¡ ofreciendo sus votos GRATIS CHABALADA. No he visto todavÃ­a a la derecha catalana hacer lo mismo.;1;0;2;;0;0;1;0.0
SalÃ­a del aeropuerto con mis compaÃ±eros y un puto guiri de mierda ha dicho low cost airline, low cost... Y luego algo que no he oÃ­do bien y se han reÃ­do pero estoy segura de que se referÃ­a a que nosotros Ã©ramos baratos y de verdad,ojalÃ¡ se tire por un balcÃ³n el muy mierdaseca;1;0;0;;0;2;1;0.0
Que te pires mierdaseca!;1;1;0;;0;0;1;0.0
Monedero, te ha devorado el personaje. Eres un mierdaseca.;1;0;0;;0;0;1;0.0
no se puede ser mÃ¡s bocachancla... ;1;0;0;;0;0;0;0.0
Yo flipo, con lo bocachancla q puede ser la gente...;1;0;0;;0;1;0;0.0
NingÃºn bocachancla sin captura. ;1;0;0;;0;1;0;0.0
Pero si no ganasteis vuestro psrtido bocachancla;1;0;0;;0;1;1;0.0
El bocachancla tiene implantada en la personalidad la prepotencia por defecto...;1;0;0;;0;1;1;0.0
Populismo? populismo eres tÃº, bocachancla;1;0;0;;0;1;1;0.0
Callate bocachancla, no hace falta que digas tonterias que tos sabemos ;1;0;0;;0;0;0;0.0
QuÃ© diferencia con el BorbÃ³n abrazafarolas, eh!?;1;1;0;;0;0;0;0.0
Pero si Will es el genio, abrazafarolas;1;0;0;;0;1;1;0.0
Eres un abrazafarolas.;1;0;0;;0;0;1;0.0
El impoluto, segÃºn el porcino abrazafarolas de ğŸ¤£ğŸ·ğŸ¤£ğŸ·ğŸ¤£ğŸ·ğŸ¤£ğŸ·ğŸ¤£ğŸ·ğŸ¤£ğŸ·ğŸ¤£;1;0;0;ğŸ¤£ ğŸ· ğŸ¤£ ğŸ· ğŸ¤£ ğŸ· ğŸ¤£ ğŸ· ğŸ¤£ ğŸ· ğŸ¤£ ğŸ· ğŸ¤£;13;1;0;0.17776923076923073
No te me pongas asi abrazafarolas;1;0;0;;0;1;0;0.0
Madre mÃ­a la cantidad de abrazafarolas que se tragan tus bulos.;1;0;0;;0;1;0;0.0
Gilipollas, subnormal, melÃ³n, retrasado, imbecil, tonto, malparido, payaso, chupacables, retrasado, hijo de puta, cabronazo, mierdaseca, capullo, y porque no se me ocurren mas que si no estaba asÃ­ todo el dia pedazo mamÃ³n. ;1;0;0;;0;0;1;0.0
O porque eres un cuerpoescombro, que puede ser hasta peor.;1;0;0;;0;0;1;0.0
Soy yo o el rey se estÃ¡ volviendo un cuerpoescombro? Bienvenido al club Su Atleza. ;1;0;0;;0;0;1;0.0
QuÃ© dice el cuerpoescombro este? ;1;0;0;;0;1;1;0.0
PanorÃ¡mica a ojos del cuerpoescombro.... ;1;0;0;;0;0;1;0.0
virgen jajaja tanto tiempo llevas aguantando al cuerpoescombro este?;1;0;0;;0;1;1;0.0
normativo de que si es un cuerpoescombro;1;0;0;;0;1;1;0.0
Lameculos profesional!! ;1;2;0;;0;1;1;0.0
Perdona? Que hablas de gente mayor, este es un sinverguenza macarra y lameculos;1;0;0;;0;1;1;0.0
Rotundamente SI... lameculos;1;0;1;;0;1;0;0.0
Susana Griso es una lameculos;1;0;0;;0;1;1;0.0
Los traidores-ras en este paÃ­s brillan por su presencia, asÃ­ como los chivatos y falsos lameculos. Lo llevan escrito en su puta cara!;1;1;0;;0;1;1;0.0
EspaÃ±a es el paÃ­s con los obreros mÃ¡s sumisos y lameculos de toda Europa. Cuanto tenemos que aprender de los franceses, que por algo tienen unos sueldos bastante mÃ¡s dignos que nosotros...;1;0;0;;0;1;1;0.0
Le pides demasiado a Ramoncete morroestufağŸ˜‚;0;0;0;ğŸ˜‚;1;0;1;0.0
Maricon pagafantas,tu y todos los lÃ­deres polÃ­ticos deberÃ­ais amanecer ahorcados;1;0;0;;0;1;1;0.0
Todo es culpa de los pagafantas que creen que se las va a dar a oler;1;0;0;;0;1;1;0.0
Sois unos pagafantas;1;0;0;;0;1;0;0.0
No, es un intelectual, firme en sus convicciones, y que no cede en su defensa, ante las necesidades fisiolÃ³gicas de la entrepierna... Â¡Que noooo! Â¡JAJAJAJA! Â¡Es un â€œpagafantasâ€! ;1;3;1;;0;0;1;0.0
Por supuesto. Pero el Real Valladolid, el â€œpagafantasâ€ ideal, debiera averiguar quien ha filtrado esto. Alguien que deba justificar su gestiÃ³n y el asunto se le estaba empezando a hacer â€œbolaâ€.;1;0;0;;0;0;1;0.0
Â¡Derechita pagafantas!;1;1;0;;0;0;0;0.0
Un autÃ©ntico pagafantas.;1;0;0;;0;0;0;0.0
vaya cara de tolai tiene el Richard este.;1;0;0;;0;1;1;0.0
cada dia mas subnormal el tolai este ;1;0;0;;0;1;1;0.0
Son muÃ±ecos, tolai ;1;0;0;;0;1;0;0.0
TÃº el rumbo ya lo tienes perdido ,tolai. Antes de abandonar el partido tenÃ­as que haber hecho esas reflexiones ,igual que ÃÃ±igo . Pero el uno se fue por la puerta de atrÃ¡s y el otro le siguiÃ³ . Justo cuando mÃ¡s uniÃ³n necesitaba el partido . Llamazares . desaparece ya , cenizo;1;0;0;;0;1;1;0.0
Igual quedo d tolai, pero q le pasa a la chica?;1;0;0;;0;0;0;0.0
Es de un videoclip en el que le hubieran aplicado censura si no lo hubiera hecho, tolai;1;0;0;;0;1;0;0.0
No mientas que estabas en la graduaciÃ³n tolai;1;0;0;;0;1;1;0.0
Pues a mi me parece un tolai, pero vuelvo a decir... q cada cual se ponga lo q quiera y con lo q se sienta bien. Si a Ã©l le gusta ponÃ©rsela y se ve guapo, pues palante ğŸ˜Š;1;0;0;ğŸ˜Š;1;0;1;0.06
Una duchita al perroflauta no le habrÃ­a venido mal.;1;0;0;;0;1;0;0.0
Y tanto macho , 14 horas fuera de mi casa de lunes a sÃ¡bado , asÃ­ pasa que luego te viene un perroflauta a decirte que tienes que currar y lo mandas bien lejos;1;0;0;;0;1;1;0.0
Hombre, ya saliÃ³ un perroflauta piojoso!;1;1;0;;0;1;0;0.0
Viva EspaÃ±a , y Viva los EspaÃ±oles de bien. Como dirÃ­a un perroflauta.. Viva EspaÃ±a, vivo espaÃ±o, y todas y todos;1;0;0;;0;0;1;0.0
QuiÃ©n es perroflauta?;0;0;0;;0;0;1;0.0
lo siento hablo en castellano no en perroflauta no podrÃ­amos entendernos;1;0;0;;0;1;0;0.0
Jajajaja Hombre... prefiero un casco vikingo antes que la hoz y el martllo o cualquier sÃ­mbolo progre comunista perroflauta.;1;0;0;;0;0;1;0.0
CÃ³mo cansa la gente tan parguela;1;0;0;;0;1;0;0.0
La que le ha caÃ­do al mono JAJAJAJAJAK toda la comunidad colgao, para el suelo parguela;1;0;1;;0;1;0;0.0
Pero si me estÃ¡s mirando a mÃ­, parguela;1;0;0;;0;1;1;0.0
Vas a ir a la cala andando, parguela;1;0;0;;0;1;0;0.0
pero que dices parguela, duchate cerdo;1;0;0;;0;0;1;0.0
Â¿QuÃ© pasa parguela? ;1;0;0;;0;0;0;0.0
Que parguela preguntando estas cosas por twitter;1;0;0;;0;1;1;0.0
- Tomate, Â¿para quÃ© se saca la bandera de mi EspaÃ±ita? - La bandera de EspaÃ±ita se saca para conquistar, el que la saca para enseÃ±arla es un parguela. ;1;0;0;;0;0;1;0.0
Eres un cenutrio.;1;0;0;;0;0;1;0.0
Hay ser muy cenutrio para poner ese tuit...;1;0;0;;0;1;1;0.0
Por eso, cenutrio ;1;0;0;;0;1;1;0.0
Islascanarias SerÃ­a la zona mÃ¡s verde, saludable, impactante y turÃ­stica de nuestra Tierra. SeÃ±oras y seÃ±ores polÃ­ticos de m..... ! Â¿ No tenÃ©is hij, niet, sobrin u otra equivalencia genÃ©tica ? No hagÃ¡is caso al cenÃºtrio ObreroDeDerechas.....;1;1;0;;0;1;1;0.0
Esto no lo olvidamos, cenutrio. ;1;0;0;;0;0;0;0.0
Da gusto ver tanto cenutrio juntos. ;1;0;0;;0;1;0;0.0
No voy a perder el tiempo con un cenutrio como tÃº. No das el nivel.;1;0;0;;0;1;0;0.0
Fuera, cenutrio. A vivir toda tu vida en la oscuridad donde naciste.;1;0;0;;0;0;0;0.0
@_sarabel_ Fueron los del a por ellos, cenutrio.;1;0;0;;0;0;0;0.0
Claro!! Si no queremos que se vaya!!! Queremos seguir viendo como os continÃºa hundiendo desde su piscina de Galapagar!! Cenutrio!! YoConPabloIglesias;1;9;0;;0;0;1;0.0
Te amo mucho mÃ¡s amor;0;0;0;;0;0;0;0.0
Ve y me besas despacito mi amor.;0;0;0;;0;0;1;0.0
Amor incondicional en estos animalitos, por algo y es el mejor amigo del hombre â™¥ï¸. ;0;0;0;â™¥;1;0;1;0.035
El amor estÃ¡ en todas partes. ğ’¥â„¯ğ“ğ’¾ğ“ ğ’½â„´ğ“â™¥ï¸. ;0;0;0;â™¥;1;0;1;0.035
Usa el amor como un puente;0;0;0;;0;0;0;0.0
No me parece tan grave, si cortÃ³ el semÃ¡foro y hay trÃ¡nsito...;0;0;0;;0;0;0;0.0
 No pidas peras al semÃ¡foro. ;0;0;0;;0;0;0;0.0
El momento semÃ¡foro se ha quedado grabado en mi corazÃ³n â¤;0;0;0;â¤;1;0;0;0.044000000000000004
Como PeatÃ³n tambiÃ©n tenemos responsabilidades, y tenemos que asumirlas. Esperar el semÃ¡foro en rojo y que los autos se hayan detenido por completo para cruzar una calle, utilizar los pasos cebra y los puentes peatonales en avenidas grandes. Seamos un PeatÃ³nResponsable ğŸ‘ ;0;0;0;ğŸ‘;1;0;1;0.015
Lo Ãºnico que he podido comprar en para poder sumarme a la SemanaSinPlasticos: un melÃ³n | amigos de las grandes cadenas de supermercados, este reto lo tenÃ©is que liderar vosotros, si no, no podemos ğŸ˜« ;0;0;0;ğŸ˜«;1;1;1;0.485
Un video comiendo un melon c:;0;0;0;;0;1;0;0.0
Si digo tÃº, melÃ³n jajajajaja;1;0;0;;0;1;0;0.0
Â¿CuÃ¡l es la fruta mÃ¡s deliciosa? â€” MelÃ³n ğŸ¤¤ğŸ¤¤;0;0;0;ğŸ¤¤ ğŸ¤¤;2;1;1;0.0
28 melÃ³n;1;0;0;;0;1;0;0.0
La derechista tocapelotas.;1;0;0;;0;0;0;0.0
Se muda tu vecina tocapelotas?!! Como lo vas a celebrar??? ğŸ¸;1;2;0;ğŸ¸;1;0;0;0.092
Ellos han subido...la gente esta contenta con su gestion...y no me da la gana hablar de los tocapelotas que tambien han subido.;1;0;0;;0;1;1;0.0
@_edmac_ y la T es de Tocapelotas, como uno que yo me sÃ©;1;0;0;;0;0;1;0.0
Es un sÃ­, joder Kaila es que eres tocapelotas hasta para eso. ;1;0;0;;0;1;1;0.0
-Desde lo de Myra ha decidido ignorar a los fantasmas tocapelotas-. ;1;0;0;;0;0;1;0.0
Este tÃ­o cada mÃ¡s tocapelotas...el seÃ±or paradondeOblak se ha creÃ­do el personaje de RRSS q difunde y cada dÃ­a da mÃ¡s vergÃ¼enza ajena. Estoy harto de leer sus bobadas de bobomerengue....q hastÃ­o de periolisto...ğŸ˜©;1;0;1;ğŸ˜©;1;0;1;0.591
Un capullo ;1;0;0;;0;1;0;0.0
ahora me envuelve como un capullo en el cual no deseo salir, estoy tan agradecida con seokjin y tan enamorada de su corazÃ³n, el mundo y yo somos tan afortunados de tenerlo THISNIGHTbyJIN ì´ë°¤ByJinOutnow;0;0;1;;0;1;1;0.0
capullo, ella canta la llorona;1;0;0;;0;0;0;0.0
Que me dejes capullo;1;0;0;;0;1;1;0.0
Es un capullo;1;0;0;;0;1;0;0.0
QuÃ© capullo eres. Ahora yo me quedo comiÃ©ndome la cabeza y tÃº tan ancho. ;1;0;0;;0;1;1;0.0
Hay que ser capullo para escribir eso. Yo no veo a ningÃºn paleto como tÃº muerto en ninguna cuneta. Eso le pertenece a eta y comunistas.;1;0;0;;0;2;1;0.0
Pero que dices zampabollos;1;0;0;;0;1;1;0.0
Â¿CabÃ­as en el de 50m2 zampabollos?;1;0;0;;0;0;0;0.0
El felÃ³n de la sexta... menudo zampabollos sectario...;1;0;0;;0;1;0;0.0
te pone cachondo o algo? zampabollos;1;0;0;;0;1;0;0.0
Puto niÃ±o zampabollos;1;0;0;;0;2;0;0.0
El zampabollos inepto de Zoido estÃ¡ en el euro Parlamento?? AcabarÃ¡ con todo el chucrut de Alsacia...y como, segÃºn Ã©l declarÃ³ en el juicio, durante 4 aÃ±os no se enterarÃ¡ de nada;1;0;0;;0;1;1;0.0
Este tweet parece sacado de un mentecato, seguirÃ¡n tragando sus palabras.;1;0;0;;0;0;0;0.0
Tres dÃ­as ya ğŸ‘ Igual es muy difÃ­cil dar con el de la reforma (probablemente ilegal) y meterle un puro que no olvide en su vida, Â¿o acaso el mentecato que dirige la PolicÃ­a Municipal tambiÃ©n hay prohibido esto? ;1;0;0;ğŸ‘;1;1;1;0.015
QuÃ¨ mentecato es este Guaidog ;1;0;0;;0;1;1;0.0
te llevo en la mente, mentecato ;1;0;0;;0;1;0;0.0
Saludos mentecato. ;1;0;0;;0;0;0;0.0
Es una amenaza debieras denunciar al mentecato que te escribiÃ³ eso;1;0;0;;0;1;1;0.0
Santi, eres idiota, desde que naciste, y eso ya no lo va a cambiar nadie. CÃ¡llate e intenta no liarla mÃ¡s, mentecato.;1;0;0;;0;0;1;0.0
Si LÃ©rida se dice Lleida, Â¿lerdo se dice lleido? Y entonces, leÃ­do cÃ³mo se dice? LleÃ­do? Joder! No entiendo nada! ğŸ˜“;1;2;0;ğŸ˜“;1;0;1;0.431
Eso es Lerdo, no c mamen;1;0;0;;0;0;1;0.0
Nada, que me he equivocado y soy lerdo jejejeje;1;0;0;;0;1;0;0.0
No os cansais de hacer el lerdo?;1;0;0;;0;0;0;0.0
Me despertÃ© modo GNC hoy, muy lerdo todo ğŸ™„;1;0;1;ğŸ™„;1;1;1;0.0
Un olvido repentino burlando a un tiempo lerdo;1;0;0;;0;1;0;0.0
Me muero, amorfo jajajajaaj!!;1;2;0;;0;1;0;0.0
decidme q vosotros tb lo veis amorfo ;0;0;0;;0;1;0;0.0
-Quiera no quiera ha salido amorfo- ;1;0;0;;0;0;0;0.0
Esque es un PAYASO y un AMORFO.;1;0;2;;0;0;1;0.0
Gilipuertas;1;0;0;;0;1;0;0.0
Gilipuertas everywhere. Manda webs!!!!!!!;1;7;0;;0;1;0;0.0
Ah, nadie importante, un gilipuertas;1;0;0;;0;1;0;0.0
Albano!... que cutre y gilipuertas eres macho!;1;2;0;;0;1;1;0.0
Reciclad estos residuos humanos, es salvar tu planeta. Gracias a todos, podemos ayudar a dejar nuestras calles libres de gilipuertas. Por un mundo mejor, tu mundo. Ministerio del Interior. ;1;0;0;;0;0;1;0.0
Vete a cagar gilipuertas....;1;0;0;;0;0;0;0.0
Y para quÃ© ibamos a votar a VOX, para regalarte a tÃ­ los votos?. Hay que ser gilipuertas, y politiquero de baja estofa. Nadie sabe mÃ¡s de poltronas, que vosotros los del PP, que pagais cualquier precio por mantenerlas.;1;0;2;;0;0;1;0.0
menudo gilipuertas;1;0;0;;0;1;0;0.0
jajajajaja...vaya gilipuertas;1;0;0;;0;1;0;0.0
Estos gilipuertas aplauden a esta familia fascistas de actos y SÃºper cool de boquilla! Eres, clÃ­nicas privadas y exclusivas!! Lo que es hipocresÃ­a en botellÃ³n con Vega Sicilia.;1;3;0;;0;1;1;0.0
No falla uno, analfabetos funcionales que creen que el resto del mundo es tan gilipuertas como ellos!! Otro a la cola del Inaem;1;2;0;;0;1;1;0.0
Pero el Valencia que tiene que ver hay, cazurro!!!;1;3;0;;0;0;0;0.0
Y porfi, no me llames cazurro que yo a ti no te he insultado;1;0;0;;0;1;1;0.0
Jajajaja aprende a escribir puto cazurro;1;0;0;;0;2;1;0.0
Pon comas, cazurro.;1;0;0;;0;0;0;0.0
Hay que ser gilipollas pa ir al campo cazurro ese.;1;0;0;;0;1;1;0.0
Cazurro soy yo, ella es catalana.;1;0;0;;0;1;1;0.0
JosÃ© Antonio Reyes ha muerto por cazurro. Es de ser un inconsciente ir a esa velocidad.;1;0;0;;0;0;1;0.0
Al igual que aznar,cazurro!!!!;1;4;0;;0;0;0;0.0
Tolosa apaga la brasa del besugo ;0;0;0;;0;1;1;0.0
A callar besugo ;1;0;0;;0;1;1;0.0
Aprende a respetar, besugo;1;0;0;;0;1;1;0.0
Yo me he callado por no liarla. Porque me conozco, besugo.;1;0;0;;0;0;1;0.0
Besugo al limÃ³n, todo un festÃ­n de sabores  ;0;0;0;;0;1;1;0.0
Besugo tu padre.;1;0;0;;0;1;1;0.0
Florentino sabe k ese besugo no va a ir a ningun pais k no sea espaÃ±a;1;0;0;;0;1;1;0.0
Fiesta de Besugo y de la Sidra ImÃ¡genes del aÃ±o pasado, buena pinta Â¿verdad? Erreserbak / Reservas - TolosaldeaTour 943 69 74 13 TxinpartaElkartea ;0;0;0;;0;1;1;0.0
MÃ¡s tonto y no naces besugo. ;1;0;0;;0;1;1;0.0
uf q pelma eres tÃ­a q si no lo pillas no es mi problema;1;0;0;;0;1;1;0.0
Inda es un pelma ;1;0;0;;0;1;1;0.0
Eres un pelma;1;0;0;;0;1;1;0.0
AdemÃ¡s tiene su cuenta con 11K de seguidores y es una pelma de cuidado, menuda tipeja.;1;0;1;;0;1;1;0.0
Pasandoooo, hay gente muy pelma. Animo!!!;1;3;0;;0;0;0;0.0
Y la turra que ha dado con Pedro...que tÃ­o mÃ¡s pelma.;1;0;0;;0;0;0;0.0
Que pelma es la people. ;1;0;0;;0;1;1;0.0
Eres pelma de cojones, abuela.;1;0;0;;0;1;1;0.0
Venga pelma, a crear el ejercito catalan;1;0;0;;0;0;0;0.0
Venga tio, eres un pelma, no hacÃ©is mÃ¡s que dar por culo.;1;0;0;;0;0;1;0.0
menudo cabestro este Trump.;1;0;0;;0;1;1;0.0
Este viejo cabestro siempre igual, bÃ©tico Perro;1;0;0;;0;1;1;0.0
jajajajajajaja otra ve por aqui? un abrazo cabestro;0;0;0;;0;1;1;0.0
Cuanto cabestro y que fÃ¡cil es bloquear en Twitter;1;0;0;;0;1;1;0.0
Â¿Un cabestro?, Â¿un cÃ­nico?, Â¿ambas cosas?;1;0;0;;0;0;1;0.0
A pastar!! Denegado su turno de palabra, por cabestro.;1;2;0;;0;0;1;0.0
Valiente cabestro el Sr. Colegiado;1;0;0;;0;1;1;0.0
La narrÃ³ PÃ©rez Reverte. Que ni leer sabes, mangurriÃ¡n.;1;0;0;;0;0;1;0.0
A tolar por culo mangurriÃ¡n!!;1;2;0;;0;0;0;0.0
Dos fotos juntas se entienden mejor, mangurrian. ;1;0;0;;0;0;0;0.0
Â¿Dignidad de quÃ©, mangurriÃ¡n, eres mÃ¡s digno despreciando a tu paÃ­s?;1;0;0;;0;0;1;0.0
Pero quÃ© coÃ±o vas a saber tu de fÃºtbol si solo ves el color blanco, mangurrian.;1;0;0;;0;0;1;0.0
Fuera payaso fuera;1;0;0;;0;0;0;0.0
Payaso ni tu te la crees ;1;0;0;;0;0;1;0.0
No le creen al payaso del actor premier ;1;0;0;;0;0;0;0.0
Este pobre payaso ya no sabe donde esta el norte ni el sur.;1;0;0;;0;0;1;0.0
alcalde? este es un payaso!;1;1;0;;0;0;1;0.0
El payaso mÃ¡s bien ğŸ˜‚;1;0;0;ğŸ˜‚;1;0;0;0.0
Lo gana Murillo, payaso;1;0;0;;0;0;0;0.0
A ese payaso cualquiera le ganağŸ˜‚ğŸ˜‚ğŸ˜‚ğŸ˜‚;1;0;0;ğŸ˜‚ ğŸ˜‚ ğŸ˜‚ ğŸ˜‚;4;0;1;0.0
SabÃ­a yo que algÃºn dÃ­a la letra de esta canciÃ³n me iba a venir como anillo al dedo...Es un gran necio, un estÃºpido engreÃ­do, egoÃ­sta y caprichoso, un payaso vanidoso, inconsciente y presumido, falso, enano, rencoroso...  ;1;0;0;;0;0;1;0.0
ENTRETÃ‰NME, PAYASO!!!... ;1;3;2;;0;0;0;0.0
â€”Se lleva una mano a la cara. Â¿De verdad podÃ­a ser tan alcornoque?â€” Bien, mÃ¡s para ti.;1;0;0;;0;0;0;0.0
Pedazo de alcornoque, vindria a ser;1;0;0;;0;0;0;0.0
Temas del Conocimiento: Alcornoque y sus Usos ;0;0;0;;0;1;0;0.0
Cabeza de alcornoque;1;0;0;;0;1;0;0.0
Zopenco, alcornoque, soperutano, soquete;1;0;0;;0;0;0;0.0
Mockus no fue auspiciador de la guerrilla, y se gano contratos de forma irregular. Y el partido verde que si es de izquierda tiene bastantes candidatos cuestionados incluyendo a la gallito. Lea alcornoque.;1;0;0;;0;0;1;0.0
Insistidor este cabeza de alcornoque. ;1;0;0;;0;0;1;0.0
Vaya hombre. Me habÃ­a plantado porque creÃ­a que me habÃ­a topado con un alcornoque.;0;0;0;;0;0;0;0.0
Cabeza de alcornoque xd;1;0;0;;0;1;0;0.0
el cabeza de alcornoque dice que tiene otras cifras.;1;0;0;;0;1;0;0.0
Sectaria dice el papanatas;1;0;0;;0;1;0;0.0
EspaÃ±a una democracia de complejos y papanatas. El dÃ­a que reaccionemos igual serÃ¡ tarde.;1;0;0;;0;0;0;0.0
Es casi tan papanatas como tÃº;1;0;0;;0;1;0;0.0
Ah que mequetrefe;1;0;0;;0;1;0;0.0
Jajajajajajajaja mortal. No se cansa de perder este mequetrefe!!!!;1;4;0;;0;0;1;0.0
Te perdono, pero no soy ladrÃ³n y tampoco hay ladrones en mi familia, asi que mas respeto, si es que quieres que te respete, mequetrefe...!!;1;2;0;;0;0;1;0.0
No hay nadie que le de su merecido s este mequetrefe? ??? ;1;0;0;;0;0;1;0.0
Ese soy yo que te pasa pedazo de pelele;1;0;0;;0;1;0;0.0
Es un vil pelele y fantoche;1;0;0;;0;2;0;0.0
Bueno realmente queda como pelele, ogro le queda grande y le sobra;1;0;0;;0;0;0;0.0
Tan nazi que le dijo pelele a hitler ;1;0;0;;0;1;0;0.0
Quien juzga a ese pelele;1;0;0;;0;1;1;0.0
JamÃ¡s votarÃ­a a Vox, pero si tengo que elegir entre Abascal y el pelele de Vals y Macron, sin duda me quedo con los primeros. Es que no se puede ser mÃ¡s hipÃ³crita y engaÃ±abobos que Riveleta.;1;0;0;;0;1;0;0.0
PorquÃ© no seÃ±ala quienes son esos constitucionalistas de prestigio? Vamos a dejar que este pelele de Gorriti, se quede en palacio y no vaya a la cÃ¡rcel por corrupto y golpista? ;1;0;0;;0;1;1;0.0
Sigan peleando, la gente de a pie esta jodida con la desaceleracion economica q ya no alcanza para cubrir gastos minimos, sigan defendiendo sus intereses, pelele de los rojos;1;0;0;;0;1;1;0.0
QuÃ© penita da GarzÃ³n.....un pelele en manos d Iglesias....no me extraÃ±a q Anguita.....en fin...y lo d Rusia....pues mejorando x momentos,todos tienen mugre debajo d la alfombra,pero estos la han llenado en 4 dÃ­as.;1;0;0;;0;1;1;0.0
Vale pichabrava;1;0;0;;0;1;0;0.0
Puto Amunike menudo pichabrava;1;0;0;;0;2;0;0.0
Me causan el mismo rechazo las putas y los pichabrava esos de los cojones.;1;0;0;;0;1;1;0.0
Que es un pichabrava ya lo sabemos todos. Que hay mucha oportunista dispuesta a vivir a su costa, tambien. Que como no cambie su modo de vida a los 28 aÃ±os va a estar acabado como futbolista, seguro.;1;0;0;;0;1;1;0.0
Juan Carlos I El Pichabrava;1;0;0;;0;1;0;0.0
Pues un pichabrava que no se pilla, que hay que decÃ­rtelo todo.;1;0;0;;0;1;1;0.0
Trump el PichaBrava ejerciÃ³ su derecho a la libertad en el culo de la princesa de HUAWEI. La princesa, emborrachada y drogada primero, y preÃ±ada a la fuerza (al principio), despuÃ©s, dijo ser sabedora del carÃ¡cter diabÃ³lico del engendro, y q la suda el coÃ±o... lo va ha tener.;1;0;1;;0;1;1;0.0
Por eso lo pongo de castigo, cabezabuque;1;0;0;;0;1;1;0.0
Rastrajoso, revientacabezas, muerdepiedras, cabezabuque xD;1;0;1;;0;1;0;0.0
Â¡CÃ³mo estarÃ¡ de negra la conciencia de Cabezabuque para emitir tanto comunicado...!;1;1;0;;0;1;1;0.0
Me parece un insulto decir que RaÃºl Bravo es el cabecilla de cualquier trama. En todo caso es el cabezabuque mÃ¡s grande que se conoce. LaFÃ¡brica;1;0;0;;0;1;1;0.0
Estimado botarate, esa adjudicaciÃ³n la efectuÃ³ el PP. Saludos cordiales!!;1;2;1;;0;0;1;0.0
CÃ¡llese burro, lea libros y tuitee menos, botarate. ;1;0;0;;0;0;1;0.0
Cinco aÃ±itos? Los niÃ±os tienen mÃ¡s sentido comÃºn que este botarate...;1;0;0;;0;0;1;0.0
1) No votar a PP y a Vox no supone que no se pueda comentar nada del PP y de Vox. 2) No votar a Podemos, ni al dÃºo de Galapagar, no significa que no se pueda comentar su pÃ©sima estrategia. 3) Lo mÃ¡s importante: comento lo que me sale de los golondrinos en mi TL, botarate.;1;0;3;;0;0;1;0.0
Botarate del Copon;1;0;0;;0;1;0;0.0
No me extraÃ±a que con gentuza como tÃº estÃ© paÃ­s sea cada dÃ­a mÃ¡s una mierda botarate;1;0;0;;0;1;1;0.0
Al loro, que la lÃ­nea editorial de este botarate ha movido a mucho carrilbicista madrileÃ±o en los Ãºltimos cuatro aÃ±os de gobierno de Es gente con traumas a los que le dan el poder de planificar y decidir sobre todos los demÃ¡s. ;1;0;0;;0;1;1;0.0
No tengo ninguna duda. Es un botarate.;1;0;0;;0;0;0;0.0
No es mÃ¡s botarate porque no se entrena. Cualidades de partida le sobran. Â¿De dÃ³nde salen estos figuras?;1;0;0;;0;1;1;0.0
Ya sabÃ­a que eras picapleitos. ğŸ˜‰;1;0;0;ğŸ˜‰;1;0;0;0.01
Eres un jodido picapleitos y ya cansas con tus malas, malÃ­simas entrevistas. PaladÃ­n de la democracia y de la libertad de expresiÃ³n . Destruyes la verdad.;1;0;0;;0;1;1;0.0
Mi tuit fijao, marica picapleitos;1;0;0;;0;1;0;0.0
Tu eres abogado? Si lo fueras tendrias que haber leÃ¬do la consttuciÃ²n. SÃ²lo que eres un picapleitos CORRUPTO!!!!!;1;5;1;;0;1;1;0.0
Rey de la provincia de Vigo desde 2007, experto picapleitos con la , hacedor de turbo rotondas y plantador de olivos milenarios ğŸ’¯ğŸ˜ğŸ˜˜ğŸ¤£ ;1;0;0;ğŸ’¯ ğŸ˜ ğŸ˜˜ ğŸ¤£;4;1;1;0.09825
Este picapleitos vendido a los separatas nazi catalÃ¡n;1;0;0;;0;1;0;0.0
El juicio del prucÃ©s encontrÃ³ en Pablo Ordaz a un genial cronista, que de forma magistral inicia hoy su texto. Smith y FernÃ¡nandez, asÃ­ podrÃ­an llamar a ese par de picapleitos bostezantes. ;1;0;0;;0;1;1;0.0
El tipico lumbreras de Potemos;1;0;0;;0;1;0;0.0
La nueva viÃ±eta de Orlando Lumbreras: 'Logos' opiniÃ³n viÃ±eta ;1;0;0;;0;0;0;0.0
SegÃºn este lumbreras, se los debieron enviar los americanos.;1;0;0;;0;0;1;0.0
Gracias por la info LUMBRERAS.;1;0;1;;0;0;0;0.0
Pero el lumbreras de no lo sabe.ğŸ˜ ;1;0;0;ğŸ˜;1;1;0;0.106
Al lumbreras que se le ocurriÃ³ poner garbanzos a los frutos secos al gulag y ni agua.;1;0;0;;0;1;0;0.0
Mi hija tiene 10 de media. Y calcula que ha sacado un 6.3 Ella querÃ­a hacer grado de Mates hace tiempo. Ahora IngenierÃ­a InformÃ¡tica. Al menos en esta l nota de corte es baja. Felicidades a los lumbreras que pusieron el examen. El dÃ­a q den las notas veremos quÃ© pasa. PAU2019;1;0;0;;0;1;1;0.0
Pues si hubiesen castrado a tu padre tÃº no hubieses nacido lumbreras;1;0;0;;0;1;1;0.0
Dos nuevas familias han encontrado su hogar con nosotros. Â¿Quieres ser la siguiente?. Trabajamos en Puerto Lumbreras, Lorca, Totana, Caravaca de la Cruz, Calasparra, Mula y CehegÃ­n. !Dinos lo que buscas y te ayudaremos a encontrarlo! ğŸ—ï¸ğŸ ğŸ‘ğŸ¼ğŸ‘¥ â€¢ inmobiliaria morillas hogar ;0;2;0;ğŸ— ğŸ  ğŸ‘ ğŸ‘¥;4;0;1;0.0
14h PUERTO LUMBRERAS: Temp. 25.9 Â°C, Hum. 31 %, Bar. 1008.6 hPa, Lluvia 0.0 mm, Viento 15.8 km/h SSE Weathercloud;0;0;3;;0;0;0;0.0
Lo ha sido, por eso SetiÃ©n estÃ¡ despedido. Lumbreras;1;0;0;;0;1;1;0.0
Donald Trump patÃ¡n o macarra barriobajero?;1;0;0;;0;1;0;0.0
Rata mora fue pÃ©simo y barriobajero,que tÃ­o mÃ¡s asqueroso,fuera de SÃ¡lvame ya!!!;1;3;0;;0;0;0;0.0
Ruben Cruz acabarÃ¡ mal . Es un barriobajero;1;0;0;;0;1;0;0.0
Me recuerda a las ostias q repartia el barriobajero madrid de mou en los cladicos, a mamar;1;0;0;;0;1;0;0.0
Vaya codazo barriobajero;1;0;0;;0;1;0;0.0
Juego sucio no, barriobajero.;1;0;0;;0;0;0;0.0
Espero que pida perdÃ³n por esta acciÃ³n de barriobajero paleto.;1;0;0;;0;1;1;0.0
Lo del Cartagena es de matones y muy barriobajero. RubÃ©n Cruz y Cordero van a terminar el partido sin ver la roja.... Han sido mejores pero las maneras no, y el Ã¡rbitro demasiado permisivo. PlayOff;1;0;0;;0;0;1;0.0
Antonio Montero, en tu descripciÃ³n te falta tarado emocional barriobajero y mentecato;1;0;0;;0;3;1;0.0
Ahora en el blog â¯ 12 recetas de tartar de atÃºn para disfrutar de platos frescos y nutritivos en verano  vÃ­a ;0;0;0;;0;0;1;0.0
Acabo de abrir una lata de atÃºn con un cuchillo. Ya me graduÃ© de adulto independiente.;0;0;0;;0;0;0;0.0
A alguien mÃ¡s les gusta el huevo con atÃºn?;0;0;0;;0;0;1;0.0
Domingo de ver series y comer atÃºn... a veces duele la dieta.;0;0;0;;0;0;1;0.0
"Receta de tortilla de atÃºn y tomate ğŸ° REGÃLANOS UN RETWEET ğŸ§ postres dulces recetas &gt; ";0;0;3;ğŸ° ğŸ§;2;0;1;0.047
TendrÃ¡ atÃºn, Â¿no? QuÃ© menos...;0;0;0;;0;0;0;0.0
Macarrones al atÃºn gratinados en el Circus, paseo por el palmeral y dos horas de siesta. No querÃ¡is venderme otro plan de domingo PORQUE NO LO COMPRO.;0;0;4;;0;0;1;0.0
La crema Nivea frÃ­a en el cuerpo, los sÃ¡ndwiches de atÃºn enlatado, las empanadas de cazÃ³n en la Santiago MariÃ±o, Parque El Agua, el atardecer en Juan Griego... Muchos recuerdos bonitos. ;0;0;0;;0;0;1;0.0
Salimos de Otero de Guardo, un pequeÃ±o pueblo de la MontaÃ±a Palentina. ;0;0;0;;0;0;0;0.0
Fin de semana en Bilbao, Â¡y sin pisar el Guggenheim! El binomio mar y montaÃ±a que rodea a la capital de Vizcaya es insuperable Euskadi ;0;1;0;;0;0;1;0.0
Felicidades Enhorabuena Lou lou grande Maillot de la montaÃ±a y clasificaciÃ³n;0;0;0;;0;0;1;0.0
AscensiÃ³n al pico Boum, valle de RemuÃ±Ã© Benasque Un nuevo Ã©xito del actividad de Alta MontaÃ±a. ;0;0;0;;0;0;0;0.0
Si te gustan las actividades en la montaÃ±a, no te pierdas nuestro artÃ­culo en el que te decimos cuales son las mejores chaquetas para montaÃ±a con la mejor relaciÃ³n calidad-precio -  deportes senderismo montaÃ±ismo trekking;0;0;0;;0;0;1;0.0
De despertar en la cima de una montaÃ±a para 2minutos despues dejarme caer al fondo del oceao. Asi va dia y el tuyo,;0;0;0;;0;0;1;0.0
ğŸ”µ Lo que nunca debes hacer cuando conduces un coche con caja de cambios manual Motor ;0;0;0;ğŸ”µ;1;0;1;0.139
Coche no sÃ©, pero hay bus cada media hora desde Plaza ElÃ­ptica (y se puede usar el bono transporte de madrid);0;0;0;;0;0;1;0.0
Money Talks | Tesla se tira a la piscina con un coche submarino ;0;0;0;;0;0;1;0.0
Un micrÃ³fono en el coche de Aranda probarÃ­a el presunto acuerdo para el resultado entre el Valladolid vs Valencia ;0;0;0;;0;0;1;0.0
MaÃ±ana vuelvo en coche y solo voy a hacer un examen jj;0;0;0;;0;0;0;0.0
Necesito un coche y el carnÃ© de conducir..;0;0;0;;0;0;1;0.0
SoÃ±Ã© que me robaban el coche ğŸ˜“;0;0;0;ğŸ˜“;1;0;0;0.431
Ayer aguantÃ© como una campeona sin beber nada d alcohol porq iba con el coche, ahora puedo con todo lo q se me ponga por dlante;0;0;0;;0;0;0;0.0
En el coche del tÃ­o para la tierra a trabajar;0;0;0;;0;0;0;0.0
Una hora y 35 minutos esperando un autobÃºs, como te echo de menos coche ğŸ˜­;0;0;0;ğŸ˜­;1;0;1;0.136
Â¡Echa un vistazo a mi transmisiÃ³n desde mi PlayStation 4! PS4live (Gran Turismoâ„¢SPORT) live at ;0;1;1;â„¢;1;0;1;0.0
Buena transmisiÃ³n;0;0;0;;0;0;0;0.0
Y la transmisiÃ³n?;0;0;0;;0;0;0;0.0
nos daÃ±aron el domingo a los q Ã­bamos a ver la transmisiÃ³n por YouTube ğŸ˜ª;0;0;0;ğŸ˜ª;1;0;0;0.431
ROBERTO GONZÃLEZ Candidato a la Muni Capitalina por CREO llega a votar a Z11. TransmisiÃ³n de Radio Sonora. . El deseo por servir se mantiene y para una nueva era en la Municipalidad.;0;0;3;;0;0;1;0.0
Â¡Echa un vistazo a mi transmisiÃ³n de (Fortnite) live at ;0;0;0;;0;0;0;0.0
Las 10 infecciones de transmisiÃ³n sexual mÃ¡s frecuentes Salud  ;0;0;0;;0;0;1;0.0
Le ruego que no me tutee. Respecto al como siempre, no sÃ© dÃ³nde hizo Ud la Selectividad, pero en algunas CCAA ponen textos no argumentativos. Literarios, por ejemplo. Y no siempre se pide la opiniÃ³n. Ah, y mis opiniones tendrÃ¡n *sesgo*, pero yo no pongo las pruebas de la EBAU.;0;0;2;;0;0;1;0.0
EntregarÃ¡n 178.000 firmas por una Selectividad Ãºnica en toda EspaÃ±a ;0;0;0;;0;0;0;0.0
Una niÃ±a que acaba de hacer selectividad me ha preguntado sobre Farmacia , chicos que le digo ?;0;0;0;;0;0;0;0.0
La selectividad ha dejado la nota media mÃ¡s baja de los Ãºltimos aÃ±os. Desde 2013 los estudiantes no promediaban una puntuaciÃ³n menor. En concreto ha sido de un 6,27, lo que supone 29 dÃ©cimas peor que el aÃ±o pasado. ;0;0;0;;0;0;1;0.0
Selectividad del 2020. Historia del arte. Describa este cuadro. ;0;0;0;;0;0;1;0.0
Esa habitaciÃ³n deberÃ­a salir en los exÃ¡menes de historia de selectividad ;0;0;0;;0;0;1;0.0
Los alumnos con dislexia podrÃ¡n tener faltas de ortografÃ­a en la Selectividad  vÃ­a;0;0;0;;0;0;0;0.0
Pero seguro que no aprobarÃ­a la selectividad de Madrid ;0;0;0;;0;0;0;0.0
q nota has sacado en selectividad â€” 10,27 jajajaj ;0;0;0;;0;0;0;0.0
SÃ­, soy a andaluza viviendo en Madrid. Hice la selectividad en AndalucÃ­a.;0;0;0;;0;0;0;0.0
Yo rodeada de mis apuntes de selectividad para quemarlos ;0;0;0;;0;0;1;0.0
Empiezan mis vacaciones ;0;0;0;;0;0;1;0.0
Esta de vacaciones... como siempre;0;0;0;;0;0;1;0.0
Vacaciones. Casa. Gatillos.Surete. Netflix. Soy felizğŸ˜Š faltas tÃº ;0;0;0;ğŸ˜Š;1;0;1;0.06
Me encanta planear las vacaciones con ...;0;0;0;;0;0;1;0.0
Sii falta poquito,me los llevo en verano,ahora son muy cortitas las vacaciones AJJAJA;0;0;1;;0;0;1;0.0
â€” Buenas tardes. Que dÃ­as mÃ¡s ajetreados enseÃ±ando a los animales nuevos espectÃ¡culos, necesita vacaciones.;0;0;0;;0;0;1;0.0
Termina este miÃ©rcoles y acabo de terminar mis vacaciones xD;0;0;1;;0;0;1;0.0
Esperando que mi papi me lleve d vacaciones ahÃ­ ;0;0;0;;0;0;1;0.0
Tengo familia en Berlin, mis primos se vienen el 20 de vacaciones para La CoruÃ±a, Galicia, Spain;0;0;0;;0;0;1;0.0
Ya quiero salirrr, necesito vacaciones jeje;0;0;0;;0;0;1;0.0
sÃ³lo 3 semanas para vacaciones ğŸ˜­ğŸ˜­ğŸ˜­ğŸ˜­;0;0;0;ğŸ˜­ ğŸ˜­ ğŸ˜­ ğŸ˜­;4;0;1;0.136
Las vacaciones *;0;0;0;;0;0;1;0.0
Se fue de vacaciones x el estrÃ©s.;0;0;0;;0;0;1;0.0
Me urgen unas vacaciones. Eternas.;0;0;0;;0;0;1;0.0
"Las vacaciones son un derecho que tiene todo trabajador para gozar de un descanso de 15 dÃ­as hÃ¡biles por cada aÃ±o de trabajo. Ingresa a LegalApp y conoce quÃ© hacer en este caso. YoUsoLegalApp &gt;  ";0;0;0;;0;0;1;0.0
Â¡Ya huele a vacaciones y nuestro estilo lo sabe! ğŸ˜ğŸŒ´LookSemanal RAGGED  ;0;1;1;ğŸ˜ ğŸŒ´;2;0;1;0.0915
vamos a la playa oooo;0;0;0;;0;0;0;0.0
-Nada, dÃ­a de playa- ;0;0;0;;0;0;0;0.0
EscuchÃ© una canciÃ³n durante una hora en el camino de ida a la playa. Â¿cuÃ¡l canciÃ³n crees que era?;0;0;0;;0;0;1;0.0
Espero que entrenes en la playa ğŸ˜‰ ;0;0;0;ğŸ˜‰;1;0;1;0.01
Si hay sol hay playa, si hay playa hay alcohol... si hay alcohol hay sexo y si es contigo mejorğŸµ;0;0;0;ğŸµ;1;0;1;0.006
Necesito playa :(;0;0;0;;0;0;1;0.0
MazarrÃ³n Retiran 200 kilos de basura marina en la playa de Bolnuevo ;0;0;0;;0;0;0;0.0
ğŸ“²:Supuse que sabÃ­a... Pero la playa no me suena. ğŸ“²:Si, si... Te veo en la playa, entonces;0;0;0;ğŸ“² ğŸ“²;2;0;1;0.174
Toda la gente de Alcasser se daba ostias hablando mal para estar en el programa. Yo no sÃ© ni quÃ© decir...los familiares en ese estado de shock no se darÃ­an cuenta de lo que estaban haciendo, pero con el tiempo debieron abrir los ojos y sentir aÃºn mÃ¡s impotencia del poco respeto;0;0;0;;0;0;1;0.0
ModeraciÃ³n? Jaajajajjaja. Libertad? Para quiÃ©n? Progreso???? Estamos hablando de la misma persona y del mismo programa?;0;0;0;;0;0;1;0.0
Â¿Tu seguirÃ¡s con tu programa o ya hay cambios de todo inmediatos ?;0;0;0;;0;0;0;0.0
PorquÃ© insisten en el programa de Vecinos vigilantes si las denuncias no las atienden, los mismos sitios siguen vendiendo sus drogas;0;0;0;;0;0;1;0.0
El programa pretende controlar el daÃ±o que generan en la fauna silvestre y a la agricultura campesina ;0;0;0;;0;0;1;0.0
ğŸ”µ TerraformaciÃ³n, el programa de la NASA para cambiar el clima de Marte y hacerlo habitable MedioAmbiente ;0;0;1;ğŸ”µ;1;0;0;0.139
AquÃ­ os dejamos nuestro nuevo programa con la gran ayuda de nuestro amigo del gran podcast entre otros muchos. Muchas gracias. podcast Cine Stargate claqueta y accion 2x16 stargate ;0;0;0;;0;0;1;0.0
Si no generas el escenario Comuns-PSC, no hay Valls que valga. Comuns tiene con ERC un programa mucho mÃ¡s parecido que con el PSC pero escogiÃ³ PSC para asegurarse a Valls. Y en polÃ­tica, nada es a cambio de nada. NADA.;0;0;5;;0;0;1;0.0
Donde estÃ¡n los amigos que tienen piscina ğŸ˜«ğŸ˜«;0;0;0;ğŸ˜« ğŸ˜«;2;0;1;0.485
Quisiera estar en una piscina, rai nau;0;0;0;;0;0;1;0.0
Â¡Yo estoy muy bien! Â¡Con ganas de piscina o playa!;0;2;0;;0;0;1;0.0
Pedro solo baja a la piscina por las tardes, porque la socorrista del segundo turno es una chica. ;0;0;0;;0;0;1;0.0
Lo mejor de la noche fue meterme en la piscina , que risa jajajaja menuda panorama;0;0;0;;0;0;0;0.0
Estoy en la piscina.;0;0;0;;0;0;0;0.0
Asi da gusto venir a la piscina, una pasada todo, muchas gracias ğŸ¤¤ğŸ˜ ;0;0;0;ğŸ¤¤ ğŸ˜;2;0;0;0.0
Ha venido uno a la piscina con la NINTENDO DS ;0;0;2;;0;0;0;0.0
no me vaciles que te echo de la piscina eh jajajajaj;0;0;0;;0;0;1;0.0
Yo opte por la piscina, siempre fui mÃ¡s de agua!ğŸ˜€;0;1;0;ğŸ˜€;1;0;0;0.086
Yo me tiro a la piscina XD;0;0;1;;0;0;0;0.0
Alguien me invita a su piscina para tomar el sol estas dos semanas que vienen? ğŸ™„ğŸ™„;0;0;0;ğŸ™„ ğŸ™„;2;0;1;0.0
La ONU da un premio al Ayuntamiento de Madrid de Manuela Carmena ;0;0;1;;0;0;0;0.0
El nuevo Ayuntamiento de Madrid dejarÃ¡ de luchar contra el cambio climÃ¡tico ;0;0;0;;0;0;0;0.0
JosÃ© LÃ³pez se dirige a la multitud concentrada frente al Ayuntamiento de Cartagena en protesta por el pacto ;0;0;0;;0;0;1;0.0
En la web del ayuntamiento.;0;0;0;;0;0;0;0.0
Pues igual que Maragall que ya tiene su puesto y su sueldo de Edil en el Ayuntamiento de Barcelona.;0;0;0;;0;0;1;0.0
Ayer tomamos posesiÃ³n los concejales de la XI legislatura del Ayuntamiento de ArgÃ©s. Es el pistoletazo de salida para trabajar muy duro estos aÃ±os por los argeseÃ±. Vamos a realizar una oposiciÃ³n crÃ­tica y constructiva. Prometemos luchar por un ArgÃ©s de futuro y +social. ;0;0;1;;0;0;1;0.0
Saluden a Andrea Levy, nueva Concejala de Cultura del Ayuntamiento de Madrid. FelizDomingo ;0;0;0;;0;0;0;0.0
Andrea Levy, concejala de Cultura del Ayuntamiento de Madrid. No doy. laconcejalaantropÃ³faga pp Madrid ;0;0;0;;0;0;0;0.0
Problemas realÃ­simos, como poner la ikurriÃ±a en el balcÃ³n del Ayuntamiento;0;0;0;;0;0;0;0.0
Ya hay alcaldes esperando en la puerta del ayuntamiento;0;0;0;;0;0;1;0.0
Le han impuesto el euskera astro que han echado de la escuela infantil por no querer modelo de euskera. Le han impuesto la ikurriÃ±a en el ayuntamiento, que tambiÃ©n es su casa, la de todos.;0;0;0;;0;0;1;0.0
Si hombre! A la gente humilde le irÃ¡ genial la para de C's en el Ayuntamiento, ya verÃ©is!;0;2;0;;0;0;0;0.0
Eso es cosa del Ayuntamiento. La ciudad por suerte no es de la Iglesia;0;0;0;;0;0;1;0.0
Un documental para contar cÃ³mo ha acabado el Ayuntamiento de Valencia con el colapso del colector norte por culpa de las toallitas hÃºmedas  Lo cuenta;0;0;0;;0;0;0;0.0
El Ayuntamiento de Madrid pone a disposiciÃ³n de todos los carteles que han adornado la ciudad desde 2016  diseÃ±ogrÃ¡fico;0;0;0;;0;0;1;0.0
Y muchos profesionales sin trabajo.. ğŸ˜ª ;0;0;0;ğŸ˜ª;1;0;1;0.431
Despidos, trabajo en negro, accidentes, etc. Consulte expertos! ;0;1;0;;0;0;1;0.0
Es posible que haya otras formas respetables de ver la vida y el trabajo, en funciÃ³n de las circunstancias de cada uno. PiÃ©nsalo. En mi opiniÃ³n te estÃ¡n quedando pelÃ­n clasistas algunas opiniones al respecto de la encuesta del FarmacÃ©utico. Sin acritud.;0;0;0;;0;0;1;0.0
Un dÃ­a mÃ¡s de trabajo es un dÃ­a mÃ¡s cerca a mi jubilaciÃ³n.;0;0;0;;0;0;1;0.0
Buen domingo ğŸ¼ğŸ˜ŠğŸ‘ ya verÃ¡s que tÃº cerebro harÃ¡ el trabajo :);0;0;0;ğŸ¼ ğŸ˜Š ğŸ‘;3;0;0;0.044333333333333336
ğŸ”µ 5 aspectos muy curiosos (e incluso peligrosos) de la cultura laboral en JapÃ³n Trabajo ;0;0;0;ğŸ”µ;1;0;0;0.139
Ofertas Trabajo Content Autocoding Specialist - Barcelona en Barcelona ;0;0;0;;0;0;0;0.0
Ofertas Trabajo Comercial Rrhh - Barcelona en Barcelona ;0;0;0;;0;0;0;0.0
Ofertas Trabajo Enfermero/A Y/O Fisioterapeuta Para Domicilios En Ãlava - Talent Search People en Otra ;0;0;0;;0;0;0;0.0
18 atajos de teclado en Illustrator que mejorarÃ¡n tu flujo de trabajo  ;0;0;0;;0;0;0;0.0
La historia tiene tantas versiones como personas la cuenten;0;0;0;;0;0;1;0.0
Felicidades por hacer historia;0;0;0;;0;0;1;0.0
Hombre, en la F1 tambiÃ©n corren solo dos coches.ğŸ˜‰ Nunca en la historia habÃ­a habido un campeÃ³n de F1 y WEC hasta ahora. A mi lo que acaba de hacer Fernando me parece increÃ­ble. ;0;0;1;ğŸ˜‰;1;0;1;0.01
EE UU encadena el mayor periodo de crecimiento de su historia  vÃ­a;0;0;2;;0;0;0;0.0
42. Criminales en el mar ğŸ‡ºğŸ‡² La historia estÃ¡ bien pero hubiese estado mejor en una peli no cÃ³mica. ;0;0;0;;0;0;1;0.0
Tal parece q salieron de una historia de terror.;0;0;0;;0;0;0;0.0
| QuiÃ©nes estÃ©is de acuerdo con el hecho de que hacerse un personaje como Adolf Hitler en RP estÃ¡: bien podÃ©is darme SB directamente, de verdad os lo digo. Porque me estÃ¡is comparando al mayor genocida de la historia con una reina o un emperador. Venga hombre. xd;0;0;2;;0;0;1;0.0
EspaÃ±a es... UNAI SIMÃ“N Y 10 MAS ESP;0;0;4;;0;0;1;0.0
Se puede decir mas alto, pero no mas claro. Cs a perdido una oportunidad de oro para desmarcarse pÃºblicamente de cualquier ideologÃ­a extremista. Hoy podrÃ­a gobernar EspaÃ±a, junto al PSOE imponiendo sus condiciones y haber aislado a separatistas, nacionalistas y populistas.;0;0;1;;0;0;1;0.0
Primo JosÃ© como que no lo ve en EspaÃ±a, De pronto no en el Barcelona, pero para el Real Madrid de zidane es perfecto, por despliegue en la cancha y recuperaciÃ³n de balÃ³n y serÃ­a una maravilla cubriendo la espalda de Marcelo y Carvajal;0;0;0;;0;0;1;0.0
Viva EspaÃ±a !! ğŸ™† ;0;2;0;ğŸ™†;1;0;0;0.092
Majestad: el prÃ³ximo 30 de junio, consagre usted EspaÃ±a al Sagrado CorazÃ³n via ;0;0;0;;0;0;1;0.0
Terraprim es el AmpurdÃ¡n y CataluÃ±a es EspaÃ±a.;0;0;0;;0;0;1;0.0
Ahora, maÃ±ana China y EspaÃ±a salen maÃ±ana a darse la mano, empatan y ambas selecciones clasifican con 4 puntos. El Grupo B no cuenta. FIFAWWC;0;0;1;;0;0;1;0.0
ğŸ“£ 10 delicias que evidencian la riqueza gastronÃ³mica de EspaÃ±a ;0;0;0;ğŸ“£;1;0;0;0.182
rugby se ha proclamado campeÃ³n de las EspaÃ±a Seven Series. ;0;0;0;;0;0;1;0.0
Abuchean a una concejal de Vox por jurar el cargo diciendo el nombre de San Juan de Alicante en espaÃ±ol ;0;0;0;;0;0;1;0.0
ÃBALOS Que asuma su papel: DeberÃ­a reflexionar y sobre todo en el horizonte de una investidura para EspaÃ±a, donde creo que lo importante es que el Gobierno de EspaÃ±a sea un gobierno sin ataduras.;0;0;1;;0;0;1;0.0
CataluÃ±a se va a independizar. No cabe ninguna duda. El intervencionismo internacional al final lo provocarÃ¡. Lo Ãºnico que queda es que devuelva hasta el Ãºltimo cÃ©ntimo de lo que le dimos el resto de EspaÃ±a, cuando le construÃ­mos el primer ferrocarril, la primera red elÃ©ctrica,;0;0;0;;0;0;1;0.0
OperaciÃ³n blanqueo a Câ€™s ;0;0;0;;0;0;0;0.0
Bueno, al menos no tuve una operacion JAJJAJAJAJAJJA;0;0;1;;0;0;0;0.0
La compleja operaciÃ³n salida del Real Madrid ;0;0;0;;0;0;0;0.0
Que orgullo que la operaciÃ³n la inicia una mujer, gracias mi Eliii! ;0;1;0;;0;0;0;0.0
yo hice la operaciÃ³n cancelame tambiÃ©n;0;0;0;;0;0;0;0.0
OperaciÃ³n Salida o todo puede ser un fracaso;0;0;0;;0;0;0;0.0
RED: Gobierno anuncia la incorporaciÃ³n de 183 buses elÃ©ctricos a la flota tras seis meses de operaciÃ³n  ;0;0;1;;0;0;1;0.0
Pero la gente dice que lo que tienes en la cabeza es una peluca, que perdiste todo el cabello en la operaciÃ³n de cambio extremo ??;0;0;0;;0;0;1;0.0
ğŸ”Š Podolski: â€œLa operaciÃ³n ha ido bien, pero la recuperaciÃ³n necesitarÃ¡ tiempo. Espero estar mejor pronto. No olvidÃ©is que siempre he sido un luchadorâ€ ;0;0;0;ğŸ”Š;1;0;1;0.096
GOOOOOOL DEL RECRE !!! VAMOS OSTIA! TenÃ©is a media AndalucÃ­a detrÃ¡s;0;4;5;;0;0;0;0.0
Las mentiras de la sangre  vÃ­a de AndalucÃ­a;0;0;0;;0;0;0;0.0
El vertiginoso viraje de Ciudadanos en AndalucÃ­a en 5 escenas: de apoyar al PSOE a firmar con la ultraderecha  vÃ­a;0;0;1;;0;0;1;0.0
Antonio MaÃ­llo deja su escaÃ±o y la coordinaciÃ³n de IU AndalucÃ­a y solicita su reingreso como profesor de LatÃ­n  via;0;0;1;;0;0;1;0.0
El lÃ­der de IU AndalucÃ­a, Antonio MaÃ­llo, deja su escaÃ±o y la polÃ­tica para volver a ser profesor de LatÃ­n ;0;0;1;;0;0;1;0.0
PÃ©sima noticia para AndalucÃ­a La marcha de Maille ;0;0;0;;0;0;0;0.0
40 aÃ±os el psoe en AndalucÃ­a dÃ¡ndole oportunidades;0;0;0;;0;0;1;0.0
DIPUTADOS U.PODEMOS AndalucÃ­a: 17 Madrid: 7 Baleares: 6 AragÃ³n: 5 Asturias: 4 Canarias: 4 Extremadura: 4 La Rioja: 2 Murcia: 2 Navarra: 2 Castilla-LeÃ³n: 1 Castilla-LaMancha: 0 Cantabria: 0 En estos meses SÃ“LO vi crÃ­ticas a AndalucÃ­a ...y al final es quien tiene el mejor dato ;0;0;3;;0;0;1;0.0
Es que lo de Hervias.. y eso que dicen que es el cerebro de Cs.;0;0;0;;0;0;1;0.0
Efectivamente Elecciones Andaluzas/ 584.040 votos Elecciones Generales AndalucÃ­a/ : 651.160 votos;0;0;0;;0;0;1;0.0
Hoy tocÃ³ ruta de senderismo. Asturias Tazones DonBosco ProyectoNatura leonesp ;0;0;0;;0;0;1;0.0
Finde de â›°ğŸŒ³ . . . . . . . . . . . . NonFilters SierraDeMarÃ­a LosVÃ©lez AndalucÃ­a Senderismo Hiking Friends Traveling en Parque Natural de MarÃ­a Los VÃ©lez ;0;0;0;â›° ğŸŒ³;2;0;0;0.0
benditas excursiones de biologÃ­a ft senderismo ;0;0;0;;0;0;1;0.0
Senderismo Universidad Popular de Albacete. Hasta el curso que viene. Felices vacaciones!;0;1;0;;0;0;1;0.0
ImÃ¡genes de la Ruta del dÃ­a 15/06/19, de Senderismo por la SierraDeGuara Huesca CanariasClimb YoSoyDeCanariasClimb en Sierra de Guara ;0;0;0;;0;0;1;0.0
7 Rutas de senderismo en CastellÃ³n provincia ;0;0;0;;0;0;0;0.0
"YOGA &amp; SENDERISMO EN PICOS DE EUROPA ";0;0;6;;0;0;0;0.0
"Tan efÃ­mera la vida,tan corta Hoy irÃ© a El Ãvila Un poquito de senderismo no hace nada mal. Los hierbajos de hace poco han renacido y se les nota el verde en las muy pequeÃ±as hojas;el agua del riachuelo corre con mas fuerza;los pÃ¡jaros andan porÃ¡i(vienen a mi casa a cada rato)";0;0;0;;0;0;1;0.0
Â¿Preparad@ para la marcha senderista Nocturna Bandolera? ğŸŒŒ ğŸš¶â€â™€ï¸ğŸš¶â€â™‚ï¸ ğŸ El prÃ³ximo 5 de julio salida desde Gambrinus a las 22:00 horas con un recorrido de 14kms. MÃ¡s info:  AmontÃ­llate Montilla deporte Senderismo ;0;0;0;ğŸŒŒ ğŸš¶ â™€ ğŸš¶ â™‚ ğŸ;6;0;1;0.0
SoÃ±Ã© que aprobaba los 100 Mt en nataciÃ³n .. Por favor que asÃ­ sea ğŸ˜­;0;0;0;ğŸ˜­;1;0;0;0.136
NataciÃ³n Dos australianos vencen al Estrecho de Gibraltar ;0;0;0;;0;0;0;0.0
Cuando tu colÃ© no tiene piscina y tienes que hacer nataciÃ³n sincronizada... ;0;0;0;;0;0;1;0.0
Gracias por vuestra visita, volved pronto! Y buen viaje amigos. Enhorabuena NataciÃ³n TrofeoRCNDelfin;0;1;0;;0;0;1;0.0
La nataciÃ³n, un estilo de vida ;0;0;0;;0;0;1;0.0
Gracias Carmena por cargarte los Clubs de nataciÃ³n de Madrid;0;0;0;;0;0;0;0.0
Me sentarÃ­a enseÃ±ar nataciÃ³n en colegios que cubren necesidades especiales;0;0;0;;0;0;1;0.0
NataciÃ³n en piscina olÃ­mpica. ğŸ‘ŒğŸ‘ğŸŠâ€â™‚ï¸ ;0;0;0;ğŸ‘Œ ğŸ‘ ğŸŠ â™‚;4;0;0;0.015250000000000001
Nuestro equipo de sincronizada en el Campeonato de Madrid. NataciÃ³n sincro VillaviciosadeOdÃ³n ;0;0;0;;0;0;1;0.0
Muchas felicidades al son Campeones de EspaÃ±a de NataciÃ³n Adaptada ğŸŠâ€â™€ï¸ğŸŠâ€â™‚ï¸ MatarÃ³ maresme catalunya natacion @_FEDPC_ ;0;0;0;ğŸŠ â™€ ğŸŠ â™‚;4;0;1;0.0
No hay tiempo para estar triste;0;0;0;;0;0;1;0.0
Jugamos con uno menos el primer tiempo;0;0;0;;0;0;0;0.0
Porque todos tus tweets son tan tristes ?:(;1;0;0;;0;0;1;0.0
Â¿QuÃ© tan similares son nuestros gustos ? 10% cuartos oscuros. 10% orgÃ­as. 10% drogas. (abundan poppers, tachas, alcohol y cocaÃ­na) 10% vapores/saunas. 10% bareback (sexo sin protecciÃ³n) 10% sexo en baÃ±os pÃºblicos. 10% apps de ligue. ğŸ³ï¸â€ğŸŒˆ;1;0;0;ğŸ³ ğŸŒˆ;2;0;1;0.0
increÃ­ble como logras tener mi atenciÃ³n tan fÃ¡cil;0;0;0;;0;0;0;0.0
Acomode tan mal mis 4 almohadas anoche que hoy me despertÃ© con alto dolor de espalda;0;0;0;;0;0;1;0.0
Nunk dormi tan mal como anoche;0;0;0;;0;0;0;0.0
Nunca me habÃ­a sentido tan sola como hoy;0;0;0;;0;0;0;0.0
por el amor de dios necesito ese anillo de Pandora, no puede ser tan tan hermoso;0;0;0;;0;0;1;0.0
Que nos perdone nuestra naciÃ³n por tener un gobierno tan ignorante.;1;0;0;;0;0;1;0.0
Day 9: GrandÃ­simo ImbÃ©cil ;1;0;0;;0;1;0;0.0
Aplausos, seÃ±or Abreu. Como el grandÃ­simo Gustavo Bueno, pero mÃ¡s expeditivo. ;0;0;0;;0;0;0;0.0
El guionista de ese capÃ­tulo se merecia todos los premios posibles. Grandisimo! (Y muy triste);1;1;0;;0;0;1;0.0
El BarÃ§a no va a transferir a DembÃ©lÃ© y bien hecho porque es un grandÃ­simo jugador;0;0;0;;0;0;1;0.0
Casemiro sobre James: SerÃ­a muy importante para nosotros que regrese al Real Madrid. Ya demostrÃ³ a todo el mundo que es un gran jugador. Tengo un cariÃ±o grandÃ­simo por Ã©l, como jugador y como persona. Seguro si regresa al Real Madrid serÃ¡ bienvenido por todas sus cualidades.;0;0;0;;0;0;1;0.0
Es un grandÃ­simo hijo de puta. La vida te cobrarÃ¡ todo esto, malnacido de mierda;1;0;0;;0;0;1;0.0
GrandÃ­simo fichaje.;0;0;0;;0;0;0;0.0
Es un bicho si, pero 29 aÃ±os o casi. Mucha pasta. Pero grandisimo central;0;0;0;;0;0;0;0.0
Este de los tirantes no vale ni para payaso..Con admiracion para los grandes payasos.Este es un grandisimo chufla.;1;0;0;;0;0;1;0.0
hazle un favor al BARÃ‡A y vete a la mierda, grandÃ­simo hijoputa. Eres el cÃ¡ncer del BARÃ‡A.;1;0;2;;0;0;1;0.0
Felicidades. A sido un grandÃ­simo torneo si seÃ±or;0;0;0;;0;0;1;0.0
pedrerol no se puede ser mas HIPÃ“CRITA;1;0;1;;0;0;0;0.0
No se puede ser mas inhumana,ud,ha leido el informe de la ONU,amnistia inter.amnistia es,pen etc.Porque no habla de los privilegips del cuÃ±ado del rey?;1;0;1;;0;0;1;0.0
Mejor yo dirÃ­a que no se puede ser mÃ¡s apÃ¡trida quitando la luz todos los dÃ­as a toda hora;1;0;0;;0;0;0;0.0
No se puede ser mÃ¡s bueno que Adri ;0;0;0;;0;0;0;0.0
No se puede ser mÃ¡s inÃºtil que yo;1;0;0;;0;0;0;0.0
No se puede ser mÃ¡s imbecil.;1;0;0;;0;0;0;0.0
No se puede ser mas mierda ok;1;0;0;;0;0;0;0.0
No sÃ© puede ser mÃ¡s desagradable ;1;0;0;;0;0;1;0.0
Jugando draven y vayne no se puede ser mÃ¡s guarro;1;0;0;;0;0;0;0.0
No se puede ser mÃ¡s inÃºtil que esta directiva, se hace TT ValverdeOUT y publican que la mayorÃ­a fuimos bots franceses, de verdad creÃ­an que iban a acallar las crÃ­ticas con eso? Pues aquÃ­ otro que utilizÃ³ ese hashtag sin ser un bot francÃ©s, id buscando otra excusa. BotDeCensura;1;0;2;;0;0;1;0.0
Respeta al Rey y lÃ¡rgate a tu casa como dijiste, ya han pasado 18 meses y podras dedicar tu tiempo a hacer muchos lacitos amarillos. No se puede ser mÃ¡s ignorante.;1;0;0;;0;0;1;0.0
tÃº eres un puerco, te falta el corral;1;0;0;;0;0;1;0.0
Es que eres un pivÃ³n de amiga, asÃ­ te lo digo;1;0;0;;0;0;1;0.0
ERES UN SOLLLL;0;0;3;;0;0;0;0.0
eres un sinvergÃ¼enza;1;0;0;;0;0;1;0.0
"; Eres un Ã¡ngel  ";0;0;0;;0;0;1;0.0
te reto a un pvp con mi mando daÃ±ado por que no funciona el L2 y lo configure y ahora apunto con L1 y es dificil pero quiero ver si me ganas estoy como luis_solano-1998 es de epic y si me ganas hago un video dicendote que te amo y que eres un crack jajaj;1;0;0;;0;0;1;0.0
En serio eres un amor;0;0;0;;0;0;1;0.0
Es que eres un puto genio;1;0;0;;0;1;1;0.0
Callate, eres un bot;1;0;0;;0;0;1;0.0
Ya eres un anciano;1;0;0;;0;0;1;0.0
Si pactas con etarras... eres un hijo de puta. AsÃ­ de claro.;1;0;0;;0;0;1;0.0
La histÃ©rica, la loca y la feminazi: las nuevas etiquetas para la mujer intelectualmente inquieta.  ;1;0;0;;0;0;0;0.0
La feminazi del dia... En serio, se nos va de las manos... ;1;0;0;;0;1;0;0.0
Respuesta a un intelectual sobre por quÃ© utilizo el tÃ©rmino Feminazi ;1;0;0;;0;1;1;0.0
feminazi no se, pero gilipollas te aseguro que si ;1;0;0;;0;1;0;0.0
Se me hace medio feminazi el comentario y aun asÃ­ lo encuentro tan atinado ;1;0;0;;0;1;0;0.0
Jajaja se encabronÃ³ la porcina feminazi ğŸ˜‚ğŸ˜‚ğŸ˜‚ğŸ˜‚ ;1;0;0;ğŸ˜‚ ğŸ˜‚ ğŸ˜‚ ğŸ˜‚;4;1;0;0.0
Con esa Ãºltima frase, se recibiÃ³ me persona de mierda. Al lado de Hitler. La real feminazi.;1;0;0;;0;0;1;0.0
Feminista es diferente a feminazi. Tengan eso bien clarito!;1;1;0;;0;0;1;0.0
Feminazi en bÃºsqueda desesperada de atenciÃ³n. Â¿todo bien en casa?. ;1;0;0;;0;1;1;0.0
perdÃ³n x no ser una feminazi~ u.u;1;0;0;;0;0;0;0.0
HipÃ³crita, feminazi, demagoga.;1;0;0;;0;0;0;0.0
Ser un buen catolico o creyente no es escandalizarse o juzgar como actuan los demas, si tanto te molesta ignorarla, no necesariamente puede ser una feminazi puede ser atea y tus principios no son los mismos que ella..... y si simplemente ignoras la sibtuacion o la sobrepasas;1;0;0;;0;1;1;0.0
Bigdata y algoritmos para predecir enfermedades o exacerbaciones.  VÃ­a prnoticias esalud;0;0;0;;0;0;1;0.0
Errores que se pueden cometer al crear campaÃ±as con Big Data ;0;0;0;;0;0;1;0.0
El Big Data ha llegado para quedarse en el fÃºtbol espaÃ±ol (Real Betis y Levante UD)  vÃ­a;0;0;1;;0;0;1;0.0
La sub21 tiene menos tiro que el big data;1;0;0;;0;0;0;0.0
Eres el Big Data? Realmente vivimos en una simulaciÃ³n...;0;0;0;;0;0;1;0.0
Ya mismo sacan una serie nueva en Netflix... THE BIG DATA THEORY...;0;0;4;;0;0;0;0.0
Se llama big data no es brujerÃ­a;0;0;0;;0;0;1;0.0
Esperemos que el Big Data de el visto bueno para el pago de la clÃ¡usula ;0;0;0;;0;0;0;0.0
Â¿SabÃ©s lo que es BigData?. Este servicio tambiÃ©n te lo ofrecemos en Gutbit  ;0;0;0;;0;0;1;0.0
Se le llama big data. ;0;0;0;;0;0;0;0.0
Data Science aplicada. ;0;0;0;;0;0;0;0.0
De nada, sigo con interÃ©s el mundo del Data Science.;0;0;0;;0;0;0;0.0
En Fcen no estÃ¡ EstadÃ­stica MatemÃ¡tica? despuÃ©s estÃ¡ el de data science en computaciÃ³n pero ya nos vamos a otro lado.;0;0;0;;0;0;1;0.0
14. Silvia Ferreira, lÃ­der de Data Science en ;0;0;0;;0;0;0;0.0
"El Madrid Internet Of Things Institute Es el primer centro de formaciÃ³n postgrado 100% IoT de EspaÃ±a. En este instituto impartirÃ¡n MÃ¡ster en IoT, Data Science, y un programa mÃ¡s empresarial; el IoT Executive. Estamos deseando ver cÃ³mo evoluciona este centro. ";0;0;3;;0;0;1;0.0
Todas las preguntas frecuentes del MÃ¡ster Interuniversitario en Ciencia de Datos / Master in Data Science ;0;0;0;;0;0;1;0.0
Ãnimo y suerte. No es fÃ¡cil el Data Science (no me acostumbro a la forma en espaÃ±ol).;0;0;0;;0;0;1;0.0
Â¿QuÃ© es big data? Â¿QuÃ© es data science? Â¿En quÃ© difieren? ğŸ‘‰  TransformaciÃ³nDigital. ;0;0;0;ğŸ‘‰;1;0;1;0.0
El Data Science ;0;0;0;;0;0;0;0.0
Nuevo Evento: Mini taller: Python para data science 20/06/2019 ;0;0;0;;0;0;0;0.0
RegresiÃ³n LogÃ­stica, Data Science ;0;0;0;;0;0;1;0.0
Charla TED sobre el uso de Data Science y la Inteligencia Artificial. DataScience TecnologÃ­a TecnologÃ­a Ver mÃ¡s: ;0;0;1;;0;0;0;0.0
DÃ­a Mundial de las Personas Refugiadas: conoce a los voluntarios de la UOC  vÃ­a;0;0;1;;0;0;1;0.0
Has mirado la UOC? Es a distancia pero mÃ¡s amena, con evaluaciÃ³n mÃ¡s continua y eso;0;0;1;;0;0;1;0.0
Arranca en XÃ bia la Escuela de Verano: Fake news y posverdad de la CÃ¡tedra de Transparencia UPV El lema de la ediciÃ³n es â€œDeconstruyedo la realidad. Impacto de las fakenews y la posverdadâ€ y ha sido coorganizada junto a la UOC, y el . ;0;0;2;;0;0;1;0.0
Ole! Yo los acabÃ© el sÃ¡bado (3). (TambiÃ©n soy vÃ­ctima de la UOC);0;1;1;;0;0;0;0.0
Los pilares clave para impulsar tu carrera profesional son trabajar una buena marca personal y desarrollar una efectiva estrategia de networking. Ayer abordÃ© estos dos temas en el marco del 'Encuentro UOC Alumni' en el Impact Hub Vigo. Fueron unas horas mâ€¦;0;0;1;;0;0;1;0.0
Ahora que termino UOC harÃ¡ septiembre, quiero trastear con Unreal para hacer un juego en 2D. Recomendaciones? MÃ¡s que tutoriales de Unreal, de cÃ³mo diseÃ±ar el juego, tamaÃ±os de los tiles y sprites recomendados para PC, trucos a tener en cuenta, etc Â¿?;0;0;3;;0;0;1;0.0
Ser jefa/e de UOC implica gran responsabilidad, ahora la jefatura de Capacitacion no tiene los mismos beneficios da a entender, pero el fondo es la forma en que la denigraron y juzgaron por unas fotos.;0;0;1;;0;0;1;0.0
Nlp francis jajaaja ;0;0;0;;0;0;0;0.0
Victor Kuppers, 45 minutos geniales de motivaciÃ³n / NLP  via;0;0;1;;0;0;1;0.0
Esos tÃ©rminos me suenan de NLP pero tendrÃ­a que investigar bien. Si me tiras una punta le meto a pleno;0;0;1;;0;0;1;0.0
Otro reto: incorporar AI, NLP, ...;0;0;2;;0;0;0;0.0
A mi y a Karla nlp;0;0;0;;0;0;0;0.0
wow Enhorabuena Eduardo!;0;1;0;;0;0;0;0.0
al parecer la prepa nlp...;0;0;0;;0;0;0;0.0
Empuje chino para ganar la AI wef19 ArtificialIntelligence MachineLearning DeepLearning NLP carrera NLG ComputerVision armamentÃ­stica Robotics ;0;0;3;;0;0;0;0.0
Este finde tocÃ³ darle al NLP y APIcloudSpeech de Google via Rstats. Y no sÃ© por quÃ© acabe analizando la presentaciÃ³n de en 2009. Dejando a un lado el tema tÃ©cnico os dejo esta perla de video donde deja claro el tema IMPUESTOS y que le pasÃ³ factura 10 aÃ±os despuÃ©s ;0;0;2;;0;0;1;0.0
EmociÃ³n de lingÃ¼ista: dÃ­cese cuando asistes a una masterclass de la gran , filÃ³loga y manager general de , explica quÃ© es la IA y la relevancia de la lingÃ¼Ã­stica aplicada en este campo y sus usos en diferentes mercados. WeLoveLinguistics NLP TechTalks ;0;0;2;;0;0;1;0.0
